date,daily_partial,daily_full,daily_booster,daily_booster2,daily,daily_partial_adol,daily_full_adol,daily_booster_adol,daily_booster2_adol,daily_partial_child,daily_full_child,daily_booster_child,daily_booster2_child,cumul_partial,cumul_full,cumul_booster,cumul_booster2,cumul,cumul_partial_adol,cumul_full_adol,cumul_booster_adol,cumul_booster2_adol,cumul_partial_child,cumul_full_child,cumul_booster_child,cumul_booster2_child,pfizer,sinovac,astra,sinopharm,cansino,pending
24/02/2021,66,3,0,0,69,0,0,0,0,2,0,0,0,66,3,0,0,69,0,0,0,0,2,0,0,0,66,2,0,0,0,1
25/02/2021,1149,2,0,0,1151,0,0,0,0,0,0,0,0,1215,5,0,0,1220,0,0,0,0,2,0,0,0,1146,2,0,0,0,3
26/02/2021,4103,3,0,0,4106,0,0,0,0,0,0,0,0,5318,8,0,0,5326,0,0,0,0,2,0,0,0,4096,2,1,0,0,7
27/02/2021,6721,6,0,0,6727,0,0,0,0,0,0,0,0,12039,14,0,0,12053,0,0,0,0,2,0,0,0,6700,6,0,0,0,21
28/02/2021,6720,6,0,0,6726,0,1,0,0,0,0,0,0,18759,20,0,0,18779,0,1,0,0,2,0,0,0,6718,4,0,0,0,4
01/03/2021,15395,6,0,0,15401,1,0,0,0,0,0,0,0,34154,26,0,0,34180,1,1,0,0,2,0,0,0,15393,2,0,0,0,6
02/03/2021,21687,4,0,0,21691,1,0,0,0,0,0,0,0,55841,30,0,0,55871,2,1,0,0,2,0,0,0,21688,2,0,0,0,1
03/03/2021,22691,6,0,0,22697,0,0,0,0,0,0,0,0,78532,36,0,0,78568,2,1,0,0,2,0,0,0,22688,4,0,0,0,5
04/03/2021,19513,17,0,0,19530,0,0,0,0,0,0,0,0,98045,53,0,0,98098,2,1,0,0,2,0,0,0,19515,7,0,0,0,8
05/03/2021,14372,6,0,0,14378,0,0,0,0,0,0,0,0,112417,59,0,0,112476,2,1,0,0,2,0,0,0,14371,4,0,0,0,3
06/03/2021,15840,4,0,0,15844,1,0,0,0,2,0,0,0,128257,63,0,0,128320,3,1,0,0,4,0,0,0,15597,204,0,0,0,43
07/03/2021,12590,7,0,0,12597,0,0,0,0,0,0,0,0,140847,70,0,0,140917,3,1,0,0,4,0,0,0,12580,5,0,0,0,12
08/03/2021,27206,16,0,0,27222,0,2,0,0,0,0,0,0,168053,86,0,0,168139,3,3,0,0,4,0,0,0,27203,17,0,0,0,2
09/03/2021,30068,63,0,0,30131,0,0,0,0,0,0,0,0,198121,149,0,0,198270,3,3,0,0,4,0,0,0,30043,85,0,0,0,3
10/03/2021,28776,12,0,0,28788,1,0,0,0,0,0,0,0,226897,161,0,0,227058,4,3,0,0,4,0,0,0,28778,5,1,0,0,4
11/03/2021,26512,10,0,0,26522,0,1,0,0,0,0,0,0,253413,171,0,0,253580,4,4,0,0,4,0,0,0,26512,4,0,0,4,2
12/03/2021,26123,10,0,0,26133,1,1,0,0,0,1,0,0,279536,181,0,0,279713,5,5,0,0,4,1,0,0,26125,6,0,0,0,2
13/03/2021,17061,3,0,0,17064,0,0,0,0,0,1,0,0,296597,184,0,0,296777,5,5,0,0,4,2,0,0,17056,2,0,0,0,6
14/03/2021,10310,5,0,0,10315,7,1,0,0,0,0,0,0,306907,189,0,0,307092,12,6,0,0,4,2,0,0,10311,4,0,0,0,0
15/03/2021,20395,3,0,0,20398,1,0,0,0,0,0,0,0,327302,192,0,0,327490,13,6,0,0,4,2,0,0,20178,2,0,0,0,218
16/03/2021,25476,7,0,0,25483,0,0,0,0,0,0,0,0,352779,199,0,0,352973,13,6,0,0,4,2,0,0,25359,3,0,0,1,120
17/03/2021,20799,65,0,0,20864,0,0,0,0,0,0,0,0,373578,264,0,0,373837,13,6,0,0,4,2,0,0,20859,4,0,0,0,1
18/03/2021,17315,798,0,0,18113,0,0,0,0,0,0,0,0,390893,1062,0,0,391950,13,6,0,0,4,2,0,0,18097,14,0,0,0,2
19/03/2021,10742,3836,0,0,14578,1,1,0,0,0,0,0,0,401635,4898,0,0,406528,14,7,0,0,4,2,0,0,14576,2,0,0,0,0
20/03/2021,7701,6113,0,0,13814,0,0,0,0,0,0,0,0,409336,11011,0,0,420342,14,7,0,0,4,2,0,0,13809,2,0,0,0,3
21/03/2021,9714,5852,0,0,15566,1,0,0,0,0,1,0,0,419050,16863,0,0,435908,15,7,0,0,4,3,0,0,15554,3,0,0,0,9
22/03/2021,9721,14580,0,0,24301,0,0,0,0,0,0,0,0,428771,31443,0,0,460209,15,7,0,0,4,3,0,0,24294,4,0,0,0,3
23/03/2021,8307,20878,0,0,29185,0,0,0,0,0,0,0,0,437078,52321,0,0,489394,15,7,0,0,4,3,0,0,29176,3,0,0,0,6
24/03/2021,6292,22827,0,0,29119,0,0,0,0,0,0,0,0,443370,75148,0,0,518513,15,7,0,0,4,3,0,0,29113,2,0,0,0,4
25/03/2021,6436,19372,0,0,25808,0,0,0,0,1,0,0,0,449806,94520,0,0,544321,15,7,0,0,5,3,0,0,25717,83,0,0,0,8
26/03/2021,3939,12817,0,0,16756,0,0,0,0,0,0,0,0,453745,107337,0,0,561077,15,7,0,0,5,3,0,0,16566,172,0,0,0,18
27/03/2021,1706,14444,0,0,16150,0,0,0,0,0,0,0,0,455451,121781,0,0,577227,15,7,0,0,5,3,0,0,15665,481,0,0,0,4
28/03/2021,3684,12936,0,0,16620,2,0,0,0,0,0,0,0,459135,134717,0,0,593847,17,7,0,0,5,3,0,0,16327,276,0,0,0,17
29/03/2021,7866,27385,0,0,35251,2,0,0,0,0,0,0,0,467001,162102,0,0,629098,19,7,0,0,5,3,0,0,33683,1556,0,0,0,12
30/03/2021,11529,29414,0,0,40943,1,0,0,0,0,0,0,0,478530,191516,0,0,670041,20,7,0,0,5,3,0,0,38777,2159,0,0,0,7
31/03/2021,9951,27527,0,0,37478,2,1,0,0,0,0,0,0,488481,219043,0,0,707519,22,8,0,0,5,3,0,0,34106,3347,0,0,0,25
01/04/2021,15911,26565,0,0,42476,5,0,0,0,0,0,0,0,504392,245608,0,0,749995,27,8,0,0,5,3,0,0,37740,4701,0,0,0,35
02/04/2021,7581,22910,0,0,30491,0,0,0,0,0,1,0,0,511973,268518,0,0,780486,27,8,0,0,5,4,0,0,26830,3657,0,0,0,4
03/04/2021,2682,14751,0,0,17433,0,0,0,0,0,4,0,0,514655,283269,0,0,797919,27,8,0,0,5,8,0,0,16268,1147,0,0,0,18
04/04/2021,6029,9168,0,0,15197,1,1,0,0,0,0,0,0,520684,292437,0,0,813116,28,9,0,0,5,8,0,0,12314,2813,0,0,0,70
05/04/2021,9202,19511,0,0,28713,5,1,0,0,0,0,0,0,529886,311948,0,0,841829,33,10,0,0,5,8,0,0,23515,4984,0,0,0,214
06/04/2021,11026,21705,0,0,32731,11,0,0,0,0,0,0,0,540912,333653,0,0,874560,44,10,0,0,5,8,0,0,28164,4448,0,0,0,119
07/04/2021,12728,18327,0,0,31055,9,2,0,0,0,0,0,0,553640,351980,0,0,905615,53,12,0,0,5,8,0,0,24780,6272,0,0,0,3
08/04/2021,12094,14812,0,0,26906,7,0,0,0,0,0,0,0,565734,366792,0,0,932521,60,12,0,0,5,8,0,0,20671,6231,0,0,0,4
09/04/2021,7230,14398,0,0,21628,3,0,0,0,0,1,0,0,572967,381190,0,0,954149,63,12,0,0,5,9,0,0,18739,2885,0,0,3,1
10/04/2021,5672,10072,0,0,15744,1,0,0,0,0,0,0,0,578639,391262,0,0,969893,64,12,0,0,5,9,0,0,13883,1860,0,0,0,1
11/04/2021,12477,10721,0,0,23198,6,7,0,0,0,2,0,0,591116,401983,0,0,993091,70,19,0,0,5,11,0,0,20930,2266,0,0,0,2
12/04/2021,25371,13964,0,0,39335,18,0,0,0,0,1,0,0,616487,415947,0,0,1032426,88,19,0,0,5,12,0,0,36543,2791,0,0,0,1
13/04/2021,16818,7701,0,0,24519,7,1,0,0,0,0,0,0,633305,423648,0,0,1056945,95,20,0,0,5,12,0,0,19823,4694,0,0,0,2
14/04/2021,20950,7751,0,0,28701,5,0,0,0,2,2,0,0,654255,431399,0,0,1085646,100,20,0,0,7,14,0,0,25279,3422,0,0,0,0
15/04/2021,18105,9171,0,0,27276,10,0,0,0,1,2,0,0,672360,440570,0,0,1112922,110,20,0,0,8,16,0,0,23016,4259,0,0,0,1
16/04/2021,15632,3926,0,0,19558,5,0,0,0,0,2,0,0,687992,444496,0,0,1132480,115,20,0,0,8,18,0,0,16194,3363,0,0,0,1
17/04/2021,8578,1113,0,0,9691,3,0,0,0,3,0,0,0,696570,445609,0,0,1142171,118,20,0,0,11,18,0,0,7685,2005,0,0,0,1
18/04/2021,6161,3766,0,0,9927,0,2,0,0,68,0,0,0,702731,449375,0,0,1152098,118,22,0,0,79,18,0,0,8960,964,0,0,0,3
19/04/2021,24676,8497,0,0,33173,12,4,0,0,0,3,0,0,727407,457872,0,0,1185271,130,26,0,0,79,21,0,0,30107,3060,1,0,0,5
20/04/2021,22085,11293,0,0,33378,9,0,0,0,0,0,0,0,749492,469165,0,0,1218649,139,26,0,0,79,21,0,0,27871,5503,0,0,0,4
21/04/2021,15843,11887,0,0,27730,11,3,0,0,16,9,0,0,765335,481052,0,0,1246379,150,29,0,0,95,30,0,0,22705,5018,0,0,0,7
22/04/2021,14396,15191,0,0,29587,2,4,0,0,0,0,0,0,779731,496243,0,0,1275966,152,33,0,0,95,30,0,0,24077,5497,0,0,0,13
23/04/2021,12222,6699,0,0,18921,8,1,0,0,0,5,0,0,791953,502942,0,0,1294887,160,34,0,0,95,35,0,0,15036,3881,0,0,0,4
24/04/2021,7993,3487,0,0,11480,2,1,0,0,0,2,0,0,799946,506429,0,0,1306367,162,35,0,0,95,37,0,0,9599,1784,0,0,0,97
25/04/2021,9114,5739,0,0,14853,1,1,0,0,0,1,0,0,809060,512168,0,0,1321220,163,36,0,0,95,38,0,0,12284,2568,0,0,0,1
26/04/2021,21371,8946,0,0,30317,14,4,0,0,0,0,0,0,830431,521114,0,0,1351537,177,40,0,0,95,38,0,0,25115,5202,0,0,0,0
27/04/2021,22828,11896,0,0,34724,13,8,0,0,0,0,0,0,853259,533010,0,0,1386261,190,48,0,0,95,38,0,0,28771,5951,0,0,0,2
28/04/2021,26471,13270,0,0,39741,12,6,0,0,0,0,0,0,879730,546280,0,0,1426002,202,54,0,0,95,38,0,0,31298,8439,0,0,0,4
29/04/2021,6471,6068,0,0,12539,0,5,0,0,0,0,0,0,886201,552348,0,0,1438541,202,59,0,0,95,38,0,0,9509,3030,0,0,0,0
30/04/2021,17798,8922,0,0,26720,5,1,0,0,0,2,0,0,903999,561270,0,0,1465261,207,60,0,0,95,40,0,0,22983,3736,0,0,0,1
01/05/2021,2931,2573,0,0,5504,1,1,0,0,0,0,0,0,906930,563843,0,0,1470765,208,61,0,0,95,40,0,0,4917,586,0,0,0,1
02/05/2021,7660,8124,0,0,15784,0,3,0,0,0,0,0,0,914590,571967,0,0,1486549,208,64,0,0,95,40,0,0,13990,1792,0,0,0,2
03/05/2021,24540,26751,0,0,51291,8,7,0,0,0,0,0,0,939130,598718,0,0,1537840,216,71,0,0,95,40,0,0,45052,5519,718,0,0,2
04/05/2021,30142,19707,0,0,49849,5,15,0,0,1,0,0,0,969272,618425,0,0,1587689,221,86,0,0,96,40,0,0,42365,7482,2,0,0,0
05/05/2021,32135,22916,0,0,55051,12,2,0,0,0,0,0,0,1001408,641341,0,0,1642740,233,88,0,0,96,40,0,0,41929,8512,4607,0,1,2
06/05/2021,37093,18789,0,0,55882,13,10,0,0,0,0,0,0,1038501,660130,0,0,1698622,246,98,0,0,96,40,0,0,40098,12199,3585,0,0,0
07/05/2021,32368,15495,0,0,47863,19,3,0,0,0,0,0,0,1070869,675625,0,0,1746485,265,101,0,0,96,40,0,0,28691,15583,3587,0,0,2
08/05/2021,18719,8448,0,0,27167,13,1,0,0,0,0,0,0,1089588,684073,0,0,1773652,278,102,0,0,96,40,0,0,19470,4044,3650,0,0,3
09/05/2021,25926,6608,0,0,32534,11,2,0,0,0,0,0,0,1115516,690681,0,0,1806186,289,104,0,0,96,40,0,0,23182,5745,3604,0,2,1
10/05/2021,36748,24883,0,0,61631,20,9,0,0,1,0,0,0,1152264,715564,0,0,1867817,309,113,0,0,97,40,0,0,48023,10045,3560,0,0,3
11/05/2021,30547,18462,0,0,49009,11,18,0,0,0,0,0,0,1182811,734026,0,0,1916826,320,131,0,0,97,40,0,0,38141,7218,3649,0,0,1
12/05/2021,10348,7832,0,0,18180,12,2,0,0,0,0,0,0,1193159,741858,0,0,1935006,332,133,0,0,97,40,0,0,12975,1740,3465,0,0,0
13/05/2021,113,10,0,0,123,0,0,0,0,1,0,0,0,1193272,741868,0,0,1935129,332,133,0,0,98,40,0,0,6,117,0,0,0,0
14/05/2021,61,9,0,0,70,1,0,0,0,0,0,0,0,1193333,741877,0,0,1935199,333,133,0,0,98,40,0,0,1,69,0,0,0,0
15/05/2021,10377,604,0,0,10981,13,2,0,0,1,2,0,0,1203710,742481,0,0,1946180,346,135,0,0,99,42,0,0,1039,159,9782,0,0,1
16/05/2021,10034,334,0,0,10368,17,0,0,0,0,0,0,0,1213744,742815,0,0,1956548,363,135,0,0,99,42,0,0,214,139,10015,0,0,0
17/05/2021,32517,28219,0,0,60736,21,18,0,0,0,0,0,0,1246261,771034,0,0,2017284,384,153,0,0,99,42,0,0,46790,3426,10516,0,0,4
18/05/2021,45874,32408,0,0,78282,23,17,0,0,0,0,0,0,1292135,803442,0,0,2095566,407,170,0,0,99,42,0,0,60666,7067,10547,0,0,2
19/05/2021,50260,34154,0,0,84414,32,14,0,0,0,0,0,0,1342395,837596,0,0,2179980,439,184,0,0,99,42,0,0,62695,11132,10581,0,0,6
20/05/2021,59337,22014,0,0,81351,28,2,0,0,0,0,0,0,1401732,859610,0,0,2261331,467,186,0,0,99,42,0,0,53782,16450,11111,0,0,8
21/05/2021,42282,18914,0,0,61196,23,6,0,0,0,0,0,0,1444014,878524,0,0,2322527,490,192,0,0,99,42,0,0,37385,12737,11071,0,0,3
22/05/2021,43370,3370,0,0,46740,18,1,0,0,0,0,0,0,1487384,881894,0,0,2369267,508,193,0,0,99,42,0,0,16607,20558,9458,0,0,117
23/05/2021,38061,8435,0,0,46496,17,1,0,0,0,5,0,0,1525445,890329,0,0,2415763,525,194,0,0,99,47,0,0,19426,16469,10588,0,0,13
24/05/2021,69796,26161,0,0,95957,33,11,0,0,1,1,0,0,1595241,916490,0,0,2511720,558,205,0,0,100,48,0,0,50179,32365,13408,0,0,5
25/05/2021,69919,30810,0,0,100729,28,4,0,0,0,4,0,0,1665160,947300,0,0,2612449,586,209,0,0,100,52,0,0,51672,35738,13309,0,0,10
26/05/2021,20549,1912,0,0,22461,21,2,0,0,1,0,0,0,1685709,949212,0,0,2634910,607,211,0,0,101,52,0,0,4276,4419,13765,0,0,1
27/05/2021,58949,49689,0,0,108638,29,9,0,0,1,0,0,0,1744658,998901,0,0,2743548,636,220,0,0,102,52,0,0,60760,34491,13374,0,0,13
28/05/2021,46988,27638,0,0,74626,25,29,0,0,0,29,0,0,1791646,1026539,0,0,2818174,661,249,0,0,102,81,0,0,33346,27805,13470,0,0,5
29/05/2021,51158,15092,0,0,66250,31,7,0,0,0,0,0,0,1842804,1041631,0,0,2884424,692,256,0,0,102,81,0,0,30125,22545,13571,0,0,9
30/05/2021,38435,24449,0,0,62884,17,7,0,0,0,0,0,0,1881239,1066080,0,0,2947308,709,263,0,0,102,81,0,0,26922,22620,13341,0,0,1
31/05/2021,67697,28734,0,0,96431,29,8,0,0,0,0,0,0,1948936,1094814,0,0,3043739,738,271,0,0,102,81,0,0,48982,33843,13601,0,0,5
01/06/2021,75530,24474,0,0,100004,32,7,0,0,0,0,0,0,2024466,1119288,0,0,3143743,770,278,0,0,102,81,0,0,52006,33927,14058,0,0,13
02/06/2021,97124,9903,0,0,107027,38,9,0,0,0,0,0,0,2121590,1129191,0,0,3250770,808,287,0,0,102,81,0,0,44287,48176,14547,0,0,17
03/06/2021,111508,7889,0,0,119397,53,6,0,0,1,0,0,0,2233098,1137080,0,0,3370167,861,293,0,0,103,81,0,0,42176,62379,14821,0,0,21
04/06/2021,86519,4994,0,0,91513,34,2,0,0,1,5,0,0,2319617,1142074,0,0,3461680,895,295,0,0,104,86,0,0,30345,45331,15826,0,0,11
05/06/2021,72271,1408,0,0,73679,27,0,0,0,0,0,0,0,2391888,1143482,0,0,3535359,922,295,0,0,104,86,0,0,35552,22808,15299,0,0,20
06/06/2021,81230,1620,0,0,82850,35,2,0,0,0,0,0,0,2473118,1145102,0,0,3618209,957,297,0,0,104,86,0,0,40188,28592,14049,0,0,21
07/06/2021,60867,5109,0,0,65976,47,4,0,0,0,0,0,0,2533985,1150211,0,0,3684185,1004,301,0,0,104,86,0,0,14873,32818,18270,0,0,15
08/06/2021,108594,46455,0,0,155049,35,4,0,0,1,0,0,0,2642579,1196666,0,0,3839234,1039,305,0,0,105,86,0,0,92657,41669,20659,0,0,64
09/06/2021,116402,40823,0,0,157225,46,13,0,0,0,0,0,0,2758981,1237489,0,0,3996459,1085,318,0,0,105,86,0,0,93082,48162,15954,0,0,27
10/06/2021,113854,47522,0,0,161376,61,13,0,0,1,0,0,0,2872836,1285011,0,0,4157835,1146,331,0,0,106,86,0,0,85026,54658,21678,0,1,13
11/06/2021,96418,30312,0,0,126730,63,3,0,0,0,0,0,0,2969254,1315323,0,0,4284565,1209,334,0,0,106,86,0,0,49703,52296,24428,0,0,303
12/06/2021,103503,34216,0,0,137719,81,8,0,0,0,2,0,0,3072757,1349539,0,0,4422284,1290,342,0,0,106,88,0,0,54679,62295,20599,0,0,146
13/06/2021,105056,27024,0,0,132080,77,4,0,0,0,0,0,0,3177813,1376563,0,0,4554364,1367,346,0,0,106,88,0,0,55718,54570,21739,0,0,53
14/06/2021,148087,55979,0,0,204066,103,13,0,0,1,0,0,0,3325900,1432542,0,0,4758430,1470,359,0,0,107,88,0,0,80204,98745,25053,0,0,64
15/06/2021,167178,56278,0,0,223456,115,15,0,0,1,0,0,0,3493078,1488820,0,0,4981886,1585,374,0,0,108,88,0,0,83995,114667,24447,0,0,347
16/06/2021,206391,8307,0,0,214698,211,5,0,0,2,0,0,0,3699469,1497127,0,0,5196584,1796,379,0,0,110,88,0,0,74256,116317,23893,0,0,232
17/06/2021,185212,44479,0,0,229691,193,13,0,0,3,4,0,0,3884681,1541606,0,0,5426275,1989,392,0,0,113,92,0,0,78549,125250,25755,0,0,137
18/06/2021,153135,32787,0,0,185922,158,9,0,0,2,0,0,0,4037816,1574393,0,0,5612197,2147,401,0,0,115,92,0,0,55441,104998,25270,0,0,213
19/06/2021,135936,36354,0,0,172290,184,13,0,0,1,0,0,0,4173752,1610747,0,0,5784487,2331,414,0,0,116,92,0,0,68368,83966,19864,0,0,92
20/06/2021,122537,24256,0,0,146793,124,9,0,0,2,0,0,0,4296289,1635003,0,0,5931280,2455,423,0,0,118,92,0,0,46388,81321,19017,0,0,67
21/06/2021,191203,54803,0,0,246006,294,11,0,0,1,0,0,0,4487492,1689806,0,0,6177286,2749,434,0,0,119,92,0,0,72944,146860,25806,2,0,394
22/06/2021,199267,61095,0,0,260362,373,17,0,0,1,0,0,0,4686759,1750901,0,0,6437648,3122,451,0,0,120,92,0,0,79226,157469,23596,0,0,71
23/06/2021,185431,80213,0,0,265644,290,20,0,0,1,0,0,0,4872190,1831114,0,0,6703292,3412,471,0,0,121,92,0,0,74072,168309,22995,0,0,268
24/06/2021,183061,94871,0,0,277932,249,35,0,0,0,1,0,0,5055251,1925985,0,0,6981224,3661,506,0,0,121,93,0,0,70608,184139,23054,0,0,131
25/06/2021,154867,68330,0,0,223197,233,23,0,0,0,1,0,0,5210118,1994315,0,0,7204421,3894,529,0,0,121,94,0,0,55228,145983,21953,0,0,33
26/06/2021,142758,56417,0,0,199175,319,15,0,0,1,0,0,0,5352877,2050732,0,0,7403596,4213,544,0,0,122,94,0,0,68519,112014,18343,0,1,298
27/06/2021,111793,66253,0,0,178046,192,24,0,0,0,0,0,0,5464670,2116985,0,0,7581642,4405,568,0,0,122,94,0,0,60983,100511,16475,0,0,77
28/06/2021,166580,43681,0,0,210261,281,36,0,0,1,2,0,0,5631250,2160666,0,0,7791903,4686,604,0,0,123,96,0,0,53317,135908,20850,0,0,186
29/06/2021,158917,85559,0,0,244476,251,32,0,0,4,1,0,0,5790167,2246225,0,0,8036379,4937,636,0,0,127,97,0,0,80533,142812,20994,0,0,137
30/06/2021,174057,96865,0,0,270922,259,42,0,0,0,0,0,0,5964224,2343090,0,0,8307301,5196,678,0,0,127,97,0,0,86457,163055,21312,0,0,98
01/07/2021,183750,86635,0,0,270385,257,38,0,0,5,0,0,0,6147975,2429725,0,0,8577686,5453,716,0,0,132,97,0,0,74999,173942,21420,0,1,23
02/07/2021,170243,70757,0,0,241000,352,43,0,0,1,0,0,0,6318218,2500482,0,0,8818686,5805,759,0,0,133,97,0,0,58385,160508,22026,0,0,81
03/07/2021,144810,79456,0,0,224266,243,56,0,0,1,0,0,0,6463028,2579938,0,0,9042952,6048,815,0,0,134,97,0,0,64840,140714,18631,0,0,81
04/07/2021,135090,80887,0,0,215977,171,57,0,0,0,0,0,0,6598118,2660825,0,0,9258929,6219,872,0,0,134,97,0,0,69865,127070,18945,0,0,97
05/07/2021,206618,121561,0,0,328179,307,84,0,0,2,0,0,0,6804736,2782386,0,0,9587108,6526,956,0,0,136,97,0,0,88790,216920,22354,0,0,115
06/07/2021,217135,139368,0,0,356503,271,88,0,0,3,1,0,0,7021871,2921754,0,0,9943611,6797,1044,0,0,139,98,0,0,95914,238636,21816,0,0,137
07/07/2021,218880,176671,0,0,395551,311,161,0,0,1,1,0,0,7240751,3098425,0,0,10339162,7108,1205,0,0,140,99,0,0,103016,266416,25939,0,0,180
08/07/2021,230071,160711,0,0,390782,298,166,0,0,1,1,0,0,7470822,3259136,0,0,10729944,7406,1371,0,0,141,100,0,0,99444,266225,24982,0,0,131
09/07/2021,220763,129896,0,0,350659,441,121,0,0,0,2,0,0,7691585,3389032,0,0,11080603,7847,1492,0,0,141,102,0,0,84394,240719,25381,0,0,165
10/07/2021,219806,116809,0,0,336615,477,145,0,0,3,4,0,0,7911391,3505841,0,0,11417218,8324,1637,0,0,144,106,0,0,101281,213305,21981,0,0,48
11/07/2021,194795,103475,0,0,298270,374,102,0,0,2,2,0,0,8106186,3609316,0,0,11715488,8698,1739,0,0,146,108,0,0,88273,188137,21819,0,0,41
12/07/2021,271969,163122,0,0,435091,507,223,0,0,0,2,0,0,8378155,3772438,0,0,12150579,9205,1962,0,0,146,110,0,0,120492,289907,24539,0,0,153
13/07/2021,268598,171497,0,0,440095,583,295,0,0,3,1,0,0,8646753,3943935,0,0,12590674,9788,2257,0,0,149,111,0,0,116926,300918,22126,0,0,125
14/07/2021,295352,164152,0,0,459504,729,241,0,0,4,0,0,0,8942105,4108087,0,0,13050178,10517,2498,0,0,153,111,0,0,122061,312897,24402,0,0,144
15/07/2021,317879,161385,0,0,479264,668,197,0,0,1,1,0,0,9259984,4269472,0,0,13529442,11185,2695,0,0,154,112,0,0,137971,317740,23407,0,0,146
16/07/2021,283903,134280,0,0,418183,829,181,0,0,3,1,0,0,9543887,4403752,0,0,13947625,12014,2876,0,0,157,113,0,0,128016,267311,22656,0,0,200
17/07/2021,264794,132881,0,0,397675,1136,262,0,0,6,0,0,0,9808681,4536633,0,0,14345300,13150,3138,0,0,163,113,0,0,132347,236763,28030,0,0,535
18/07/2021,252615,104213,0,0,356828,798,161,0,0,1,0,0,0,10061296,4640846,0,0,14702128,13948,3299,0,0,164,113,0,0,123529,204100,28872,0,0,327
19/07/2021,288828,154643,0,0,443471,645,251,0,0,6,1,0,0,10350124,4795489,0,0,15145599,14593,3550,0,0,170,114,0,0,168850,242679,31673,0,0,269
20/07/2021,208555,103525,0,0,312080,317,150,0,0,2,2,0,0,10558679,4899014,0,0,15457679,14910,3700,0,0,172,116,0,0,83345,199656,29006,0,0,73
21/07/2021,289131,170661,0,0,459792,814,234,0,0,4,16,0,0,10847810,5069675,0,0,15917471,15724,3934,0,0,176,132,0,0,156738,272285,30473,0,0,296
22/07/2021,343451,176945,0,0,520396,725,231,0,0,4,4,0,0,11191261,5246620,0,0,16437867,16449,4165,0,0,180,136,0,0,203977,285074,31291,1,0,53
23/07/2021,314698,164685,0,0,479383,673,312,0,0,5,0,0,0,11505959,5411305,0,0,16917250,17122,4477,0,0,185,136,0,0,180692,268194,30401,0,0,96
24/07/2021,296012,137686,0,0,433698,1182,213,0,0,6,0,0,0,11801971,5548991,0,0,17350948,18304,4690,0,0,191,136,0,0,175684,231201,26702,0,0,111
25/07/2021,292512,125131,0,0,417643,962,143,0,0,6,1,0,0,12094483,5674122,0,0,17768591,19266,4833,0,0,197,137,0,0,165170,223906,28449,0,0,118
26/07/2021,342832,195772,0,0,538604,794,255,0,0,9,3,0,0,12437315,5869894,0,0,18307195,20060,5088,0,0,206,140,0,0,227456,279895,31141,0,0,112
27/07/2021,366642,206018,0,0,572660,938,229,0,0,8,1,0,0,12803957,6075912,0,0,18879855,20998,5317,0,0,214,141,0,0,253040,288151,31338,0,0,131
28/07/2021,375551,207345,0,0,582896,941,248,0,0,7,0,0,0,13179510,6283257,0,0,19462751,21939,5565,0,0,221,141,0,0,245196,311868,25700,0,2,130
29/07/2021,363183,218732,0,0,581915,1006,240,0,0,12,3,0,0,13542697,6501989,0,0,20044666,22946,5805,0,0,233,144,0,0,255079,299769,26963,0,4,100
30/07/2021,333176,203179,0,0,536355,966,358,0,0,11,0,0,0,13875873,6705168,0,0,20581021,23912,6163,0,0,244,144,0,0,211840,296281,28122,1,0,111
31/07/2021,336708,207714,0,0,544422,1138,382,0,0,18,3,0,0,14212583,6912882,0,0,21125443,25050,6545,0,0,262,147,0,0,220195,296387,27306,0,2,532
01/08/2021,310632,185687,0,0,496319,740,312,0,0,9,1,0,0,14523217,7098569,0,0,21621762,25790,6857,0,0,271,148,0,0,205254,265402,25596,0,2,65
02/08/2021,237086,252341,0,0,489427,832,410,0,0,10,1,0,0,14760303,7350910,0,0,22111189,26622,7267,0,0,281,149,0,0,228822,243416,17075,0,0,114
03/08/2021,254132,251178,0,0,505310,981,457,0,0,9,2,0,0,15014436,7602088,0,0,22616499,27603,7724,0,0,290,151,0,0,247827,239967,17316,0,1,199
04/08/2021,242982,273614,0,0,516596,824,568,0,0,7,3,0,0,15257419,7875702,0,0,23133095,28427,8292,0,0,297,154,0,0,258519,239922,18048,0,1,106
05/08/2021,236093,303140,0,0,539233,806,596,0,0,13,1,0,0,15493513,8178842,0,0,23672328,29233,8888,0,0,310,155,0,0,264309,256781,18009,0,1,133
06/08/2021,205525,266071,0,0,471596,628,693,0,0,8,2,0,0,15699039,8444913,0,0,24143924,29861,9581,0,0,318,157,0,0,219282,222946,29327,0,1,40
07/08/2021,205113,247440,0,0,452553,715,876,0,0,7,8,0,0,15904153,8692353,0,0,24596477,30576,10457,0,0,325,165,0,0,199466,216128,36866,0,1,92
08/08/2021,172381,239817,0,0,412198,549,650,0,0,7,2,0,0,16076535,8932170,0,0,25008675,31125,11107,0,0,332,167,0,0,173839,200238,38079,0,1,41
09/08/2021,203564,284909,0,0,488473,591,645,0,0,11,7,0,0,16280103,9217079,0,0,25497148,31716,11752,0,0,343,174,0,0,227654,203198,57507,0,4,110
10/08/2021,177172,201919,0,0,379091,1209,258,0,0,20,3,0,0,16457277,9418998,0,0,25876239,32925,12010,0,0,363,177,0,0,147046,178932,52714,0,2,397
11/08/2021,245220,274923,0,0,520143,1030,709,0,0,17,5,0,0,16702502,9693921,0,0,26396382,33955,12719,0,0,380,182,0,0,224458,236244,59373,0,5,63
12/08/2021,218667,334215,0,0,552882,873,583,0,0,16,3,0,0,16921172,10028136,0,0,26949264,34828,13302,0,0,396,185,0,0,251755,242200,58818,0,3,106
13/08/2021,186094,311473,0,0,497567,1062,576,0,0,19,5,0,0,17107268,10339609,0,0,27446831,35890,13878,0,0,415,190,0,0,200397,247370,49605,0,2,193
14/08/2021,181693,289882,0,0,471575,891,1024,0,0,14,4,0,0,17288961,10629491,0,0,27918406,36781,14902,0,0,429,194,0,0,185279,239949,46184,0,0,163
15/08/2021,158732,281951,0,0,440683,754,767,0,0,23,5,0,0,17447694,10911442,0,0,28359089,37535,15669,0,0,452,199,0,0,166052,234032,40203,0,1,395
16/08/2021,191422,335524,0,0,526946,1223,637,0,0,9,7,0,0,17639116,11246966,0,0,28886035,38758,16306,0,0,461,206,0,0,220272,261256,45285,0,0,133
17/08/2021,199478,350468,0,0,549946,1008,780,0,0,24,8,0,0,17838598,11597434,0,0,29435981,39766,17086,0,0,485,214,0,0,234249,272094,43470,0,4,129
18/08/2021,207619,365130,0,0,572749,1121,753,0,0,17,5,0,0,18046222,11962564,0,0,30008730,40887,17839,0,0,502,219,0,0,220554,308937,43128,0,5,125
19/08/2021,197343,352339,0,0,549682,960,836,0,0,14,11,0,0,18243569,12314903,0,0,30558412,41848,18675,0,0,516,230,0,0,228606,277316,43675,0,4,81
20/08/2021,173539,341911,0,0,515450,965,872,0,0,9,9,0,0,18417109,12656814,0,0,31073862,42813,19547,0,0,525,239,0,0,233581,247119,34630,1,1,118
21/08/2021,175694,326183,0,0,501877,964,880,0,0,18,18,0,0,18592813,12982997,0,0,31575739,43777,20427,0,0,543,257,0,0,234903,237063,29827,0,10,74
22/08/2021,151244,314799,0,0,466043,893,614,0,0,12,7,0,0,18744059,13297796,0,0,32041782,44670,21041,0,0,555,264,0,0,230473,207641,27846,0,2,81
23/08/2021,162789,256775,0,0,419564,929,627,0,0,10,7,0,0,18906848,13554571,0,0,32461346,45599,21668,0,0,565,271,0,0,258580,123759,37191,0,0,34
24/08/2021,170438,276860,0,0,447298,1171,702,0,0,10,7,0,0,19077287,13831431,0,0,32908644,46770,22370,0,0,575,278,0,0,288372,123449,35399,0,1,77
25/08/2021,176831,275542,0,0,452373,1228,690,0,0,16,9,0,0,19254118,14106973,0,0,33361017,47998,23060,0,0,591,287,0,0,300849,118301,33194,0,0,29
26/08/2021,172935,267341,0,0,440276,1257,677,0,0,20,12,0,0,19429030,14374314,0,0,33801293,49260,23737,0,0,611,299,0,0,281158,122151,34752,0,1977,238
27/08/2021,159742,218410,0,0,378152,1286,600,0,0,8,9,0,0,19590161,14592724,0,0,34179445,50553,24337,0,0,619,308,0,0,230282,114370,32069,0,1389,42
28/08/2021,163620,210721,0,0,374341,1795,553,0,0,16,5,0,0,19760765,14803445,0,0,34553786,52372,24890,0,0,636,313,0,0,212444,123515,31352,0,6984,46
29/08/2021,155028,178192,0,0,333220,1337,483,0,0,19,9,0,0,19923535,14981637,0,0,34887006,53726,25373,0,0,659,322,0,0,187601,108871,28963,0,7742,43
30/08/2021,196458,196117,0,0,392575,2116,466,0,0,13,12,0,0,20124253,15177754,0,0,35279581,55862,25839,0,0,675,334,0,0,253373,102939,31954,0,4260,49
31/08/2021,129457,158449,0,0,287906,1493,620,0,0,12,16,0,0,20256274,15336203,0,0,35567487,57378,26459,0,0,689,350,0,0,174596,80944,29729,0,2564,73
01/09/2021,202087,229505,4,0,431596,2226,728,0,0,14,17,0,0,20461110,15565708,4,0,35999083,59620,27187,0,0,703,367,0,0,264274,130239,33890,0,2749,444
02/09/2021,197352,207860,7,0,405219,2283,574,0,0,15,14,0,0,20662115,15773568,11,0,36404302,61919,27761,0,0,719,381,0,0,247436,119166,34808,0,3653,156
03/09/2021,157282,202496,2,0,359780,1976,1075,0,0,9,19,0,0,20825282,15976064,13,0,36764082,63925,28836,0,0,728,400,0,0,188598,136773,28408,0,5885,116
04/09/2021,148273,188384,6,0,336663,2128,627,0,0,20,16,0,0,20981085,16164448,19,0,37100745,66100,29463,0,0,749,416,0,0,161513,139525,28054,0,7530,41
05/09/2021,145934,171221,2,0,317157,2069,590,0,0,13,23,0,0,21134114,16335669,21,0,37417902,68214,30053,0,0,762,439,0,0,158062,123749,27903,0,7095,348
06/09/2021,143487,200325,2,0,343814,2279,967,0,0,23,9,0,0,21280595,16535994,23,0,37761716,70525,31020,0,0,785,448,0,0,165506,147674,27537,0,2994,103
07/09/2021,144697,207672,2,0,352371,2329,641,0,0,17,22,0,0,21427803,16743666,25,0,38114087,72876,31661,0,0,802,470,0,0,163756,161736,24257,0,2511,111
08/09/2021,139084,213384,6,0,352474,7991,681,0,0,12,13,0,0,21569117,16957050,31,0,38466561,80888,32342,0,0,814,483,0,0,149175,175678,25147,0,2230,244
09/09/2021,145609,208168,2,0,353779,13755,693,0,0,13,12,0,0,21718827,17165218,33,0,38820340,94677,33035,0,0,827,495,0,0,160635,163208,25606,0,4101,229
10/09/2021,120003,198164,4,0,318171,20857,872,0,0,11,9,0,0,21845181,17363382,37,0,39138511,115567,33907,0,0,840,504,0,0,166042,120144,25431,0,6351,203
11/09/2021,96660,189996,44,0,286700,22045,737,0,0,12,20,0,0,21949429,17553378,81,0,39425211,137648,34644,0,0,853,524,0,0,152529,106262,20274,0,7588,47
12/09/2021,84522,167019,94,0,251635,16266,691,0,0,13,9,0,0,22039949,17720397,175,0,39676846,153942,35335,0,0,866,533,0,0,144834,81055,19656,0,5998,92
13/09/2021,78610,173498,2,0,252110,6011,802,0,0,16,8,0,0,22122663,17893895,177,0,39928956,159984,36137,0,0,882,541,0,0,158822,66713,22386,0,4104,85
14/09/2021,78412,189842,3,0,268257,6906,1001,0,0,20,10,0,0,22206770,18083737,180,0,40197213,166918,37138,0,0,903,551,0,0,168876,74044,19621,0,5695,21
15/09/2021,74732,199589,5,0,274326,7987,1021,0,0,30,16,0,0,22285215,18283326,185,0,40471539,174928,38159,0,0,933,567,0,0,176935,71270,22400,0,3713,8
16/09/2021,66422,154600,1,0,221023,20439,811,0,0,227,15,0,0,22354737,18437926,186,0,40692562,195393,38970,0,0,1160,582,0,0,138525,55807,23575,0,3100,16
17/09/2021,81235,182448,6,0,263689,33328,1204,0,0,398,12,0,0,22439469,18620374,192,0,40956251,228767,40174,0,0,1558,594,0,0,174201,62884,23075,0,3497,32
18/09/2021,79102,176374,1,0,255477,31792,1460,0,0,413,19,0,0,22523133,18796748,193,0,41211728,260574,41634,0,0,1971,613,0,0,172614,58763,19490,32,4562,16
19/09/2021,66649,172517,1,0,239167,29585,1161,0,0,382,15,0,0,22592898,18969265,194,0,41450895,290177,42795,0,0,2353,628,0,0,168436,46879,20701,28,3116,7
20/09/2021,101543,211361,2,0,312906,59394,1646,0,0,509,13,0,0,22697033,19180626,196,0,41763801,349584,44441,0,0,2862,641,0,0,241188,46424,22572,104,2592,26
21/09/2021,127637,148523,4,0,276164,89616,1238,0,0,425,9,0,0,22828416,19329149,200,0,42039965,439209,45679,0,0,3287,650,0,0,223124,28107,21037,127,3746,23
22/09/2021,126905,214848,3,0,341756,90684,1609,0,0,571,12,0,0,22960457,19543997,203,0,42381721,529905,47288,0,0,3860,662,0,0,272577,42257,21624,130,5136,32
23/09/2021,139262,209086,2,0,348350,102285,1726,0,0,670,12,0,0,23101896,19753083,205,0,42730071,632220,49014,0,0,4530,674,0,0,290509,34139,21305,200,2177,20
24/09/2021,123609,168968,2,0,292579,93926,1496,0,0,1128,12,0,0,23226732,19922051,207,0,43022650,726158,50510,0,0,5659,686,0,0,236285,35007,19906,137,1227,17
25/09/2021,120205,158442,4,0,278651,96328,1706,0,0,1241,24,0,0,23349284,20080493,211,0,43301301,822511,52216,0,0,6904,710,0,0,225508,32166,18545,67,2347,18
26/09/2021,121170,162612,7,0,283789,97631,1684,0,0,644,8,0,0,23472295,20243105,218,0,43585090,920158,53900,0,0,7548,718,0,0,227724,29878,24282,49,1841,15
27/09/2021,176219,162173,5,0,338397,148637,1823,0,0,461,19,0,0,23649583,20405278,223,0,43923487,1068805,55723,0,0,8009,737,0,0,285564,27876,23774,95,1069,19
28/09/2021,173984,170710,9,0,344703,147440,1982,0,0,706,18,0,0,23826166,20575988,232,0,44268190,1216260,57705,0,0,8715,755,0,0,290351,27599,24041,57,2599,56
29/09/2021,197308,158818,6,0,356132,171769,7108,0,0,998,11,0,0,24024864,20734806,238,0,44624322,1388034,64813,0,0,9714,766,0,0,305263,28968,20367,120,1390,24
30/09/2021,171604,172469,15,0,344088,147168,12820,0,0,535,17,0,0,24200327,20907275,253,0,44968410,1535212,77633,0,0,10251,783,0,0,287782,31157,21060,143,3859,87
01/10/2021,105842,143553,21,0,249416,88793,19352,0,0,272,6,0,0,24307776,21050828,274,0,45217826,1624007,96985,0,0,10523,789,0,0,189520,23084,35036,139,1607,30
02/10/2021,92882,131327,5,0,224214,82509,20759,0,0,277,7,0,0,24402432,21182155,279,0,45442040,1706521,117744,0,0,10800,796,0,0,166199,22843,33249,116,1774,33
03/10/2021,99563,119021,6,0,218590,88266,16315,0,0,319,17,0,0,24502768,21301176,285,0,45660630,1794792,134059,0,0,11119,813,0,0,167182,16879,33605,133,773,18
04/10/2021,130175,106768,122,0,237065,112883,5835,0,0,537,17,0,0,24634479,21407944,407,0,45897695,1907678,139894,0,0,11656,830,0,0,189415,18524,27429,142,1536,19
05/10/2021,126092,108958,107,0,235157,107275,6803,0,0,394,15,0,0,24762752,21516902,514,0,46132852,2014970,146697,0,0,12050,845,0,0,184788,20961,27078,118,2181,31
06/10/2021,115722,104134,40,0,219896,99152,8561,0,0,442,53,0,0,24880980,21621036,554,0,46352748,2114141,155258,0,0,12493,898,0,0,175750,16619,24819,171,2506,31
07/10/2021,110185,95255,67,0,205507,92600,19132,0,0,343,177,0,0,24993266,21716291,621,0,46558255,2206744,174390,0,0,12836,1075,0,0,162962,14776,25440,210,2101,18
08/10/2021,76023,108278,610,0,184911,62642,30617,0,0,264,268,0,0,25071060,21824569,1231,0,46743166,2269389,205007,0,0,13101,1343,0,0,141275,16237,25352,221,1771,55
09/10/2021,41130,110878,22,0,152030,32339,29567,1,0,221,290,0,0,25113656,21935447,1253,0,46895196,2301733,234574,1,0,13322,1633,0,0,99756,16149,34425,187,1466,47
10/10/2021,33129,104345,4,0,137478,24132,30229,0,0,200,307,0,0,25147622,22039792,1257,0,47032674,2325881,264803,1,0,13522,1940,0,0,90632,12473,33323,190,837,23
11/10/2021,54222,142451,41,0,196714,40232,53871,0,0,156,377,0,0,25203705,22182243,1298,0,47229388,2366122,318674,1,0,13678,2317,0,0,140296,15009,39212,305,1861,31
12/10/2021,57432,160186,194,0,217812,43192,87264,0,0,184,327,0,0,25262949,22342429,1492,0,47447200,2409325,405938,1,0,13862,2644,0,0,173614,13941,28135,284,1812,26
13/10/2021,53288,162638,2218,0,218144,38840,84102,0,0,183,416,0,0,25317753,22505067,3710,0,47665344,2448176,490040,1,0,14045,3060,0,0,168222,13215,34800,356,1516,35
14/10/2021,42368,171309,3323,0,217000,27355,96953,0,0,215,543,0,0,25362236,22676376,7033,0,47882344,2475551,586993,1,0,14260,3603,0,0,174281,12416,27605,518,2115,65
15/10/2021,37255,138462,10412,0,186129,25254,86939,0,0,202,785,0,0,25401395,22814838,17445,0,48068473,2500824,673932,1,0,14462,4388,0,0,155440,11752,16641,328,1904,64
16/10/2021,16455,118261,3621,1,138338,11180,80258,0,0,87,768,0,0,25418558,22933099,21066,1,48206811,2512007,754190,1,0,14549,5156,0,0,115314,7399,14569,315,708,33
17/10/2021,17032,122995,2728,0,142755,12071,92052,0,0,46,407,0,0,25436842,23056094,23794,1,48349566,2524081,846242,1,0,14595,5563,0,0,126142,6477,8632,234,1252,18
18/10/2021,33068,174967,9234,0,217269,21315,135752,0,0,83,263,0,0,25471173,23231061,33028,1,48566835,2545402,981994,1,0,14678,5826,0,0,196917,8788,9818,418,1263,65
19/10/2021,15202,123534,1408,0,140144,8435,98975,1,0,43,385,0,0,25487363,23354595,34436,1,48706979,2553843,1080969,2,0,14722,6211,0,0,127083,4173,7644,228,988,28
20/10/2021,31073,220874,17331,1,269279,18407,180289,0,0,100,906,0,0,25519738,23575469,51767,2,48976258,2572262,1261258,2,0,14822,7117,0,0,250165,7167,10170,423,1302,52
21/10/2021,32668,194610,20558,0,247836,19017,152778,0,0,115,394,0,0,25554051,23770079,72325,2,49224094,2591292,1414036,2,0,14937,7511,0,0,225356,8405,11921,458,1647,49
22/10/2021,28091,120160,18883,0,167134,17138,91493,0,0,99,259,0,0,25584194,23890239,91208,2,49391228,2608437,1505529,2,0,15037,7770,0,0,150637,6962,7036,413,2052,34
23/10/2021,11982,100853,8415,0,121250,6746,81647,0,0,80,346,0,0,25596768,23991092,99623,2,49512478,2615188,1587176,2,0,15117,8116,0,0,107859,5699,6773,286,592,41
24/10/2021,11453,112232,8640,0,132325,5902,93287,0,0,63,261,0,0,25609121,24103324,108263,2,49644803,2621096,1680463,2,0,15180,8377,0,0,119755,4776,6590,257,907,40
25/10/2021,24052,146880,22350,1,193283,15046,120036,3,0,86,414,0,0,25634512,24250204,130613,3,49838086,2636147,1800499,5,0,15266,8791,0,0,178899,6499,6118,405,1339,23
26/10/2021,25175,141962,22807,2,189946,14862,113542,2,0,96,299,0,0,25660819,24392166,153420,5,50028032,2651017,1914041,7,0,15362,9090,0,0,175067,8376,4915,387,1136,65
27/10/2021,19714,128618,28319,9,176660,11176,102766,2,0,67,269,0,0,25681856,24520784,181739,14,50204692,2662202,2016807,9,0,15429,9359,0,0,162856,7938,3920,563,1323,60
28/10/2021,19866,120950,53151,592,194559,10344,96030,5,0,97,228,0,0,25703038,24641734,234890,606,50399251,2672555,2112837,14,0,15526,9587,0,0,181697,7858,3135,497,1316,56
29/10/2021,15609,84559,45792,289,146249,8083,66164,2,0,65,189,0,0,25719358,24726293,280682,895,50545500,2680641,2179001,16,0,15591,9776,0,0,136677,6394,1931,494,712,41
30/10/2021,7200,51975,21145,111,80431,3084,37030,5,0,114,204,0,0,25727113,24778268,301827,1006,50625931,2683733,2216031,21,0,15705,9980,0,0,70097,5116,4246,393,556,23
31/10/2021,6554,44092,16981,79,67706,3133,29973,3,0,54,134,0,0,25734073,24822360,318808,1085,50693637,2686871,2246004,24,0,15759,10114,0,0,58139,3846,5002,296,406,17
01/11/2021,9728,58455,44707,229,113119,3907,40878,11,0,40,104,1,0,25744348,24880815,363515,1314,50806756,2690782,2286882,35,0,15799,10218,1,0,103178,5264,3587,517,547,26
02/11/2021,9677,59185,57869,307,127038,3432,42730,19,0,49,104,0,0,25754810,24940000,421384,1621,50933794,2694215,2329612,54,0,15848,10322,1,0,118531,5155,2022,501,786,43
03/11/2021,8676,45207,65642,270,119795,2993,28172,30,0,32,118,0,0,25763961,24985207,487026,1891,51053589,2697210,2357784,84,0,15880,10440,1,0,112439,4978,1265,591,475,47
04/11/2021,3121,19694,21442,79,44336,1100,11286,23,0,23,67,0,0,25767324,25004901,508468,1970,51097925,2698312,2369070,107,0,15903,10507,1,0,39370,2749,1570,397,242,8
05/11/2021,5901,32015,48478,164,86558,1771,18095,29,0,32,135,0,0,25773400,25036916,556946,2134,51184483,2700086,2387165,136,0,15935,10642,1,0,78392,5113,2407,449,175,22
06/11/2021,5017,14070,25822,126,45035,1774,6497,18,0,27,74,0,0,25778646,25050986,582768,2260,51229518,2701862,2393662,154,0,15962,10716,1,0,37885,3914,2606,387,229,14
07/11/2021,3741,14857,22720,68,41386,1183,7859,15,0,16,31,0,0,25782589,25065843,605488,2328,51270904,2703047,2401521,169,0,15978,10747,1,0,36508,3190,1242,227,202,17
08/11/2021,6691,45955,60315,228,113189,2130,31956,12,0,45,110,0,0,25789588,25111798,665803,2556,51384093,2705178,2433477,181,0,16023,10857,1,0,106169,5143,1063,477,308,29
09/11/2021,8356,31935,79279,335,119905,2606,22035,9,0,53,41,0,0,25798390,25143733,745082,2891,51503998,2707789,2455512,190,0,16076,10898,1,0,113794,4377,750,492,446,46
10/11/2021,8233,40125,87648,306,136312,3046,26607,3,0,48,60,0,0,25807052,25183858,832730,3197,51640310,2710835,2482119,193,0,16124,10958,1,0,129594,4912,859,501,429,17
11/11/2021,9020,45423,94833,329,149605,3714,29251,18,1,63,68,0,0,25816699,25229281,927563,3526,51789915,2714553,2511370,211,1,16188,11026,1,0,141038,5510,1848,544,627,38
12/11/2021,7750,35121,76213,267,119351,2427,23270,11,0,42,54,0,0,25824754,25264402,1003776,3793,51909266,2716980,2534640,222,1,16230,11080,1,0,111542,5163,1599,730,305,12
13/11/2021,3725,16699,39118,185,59727,1066,9924,19,1,17,95,2,0,25828871,25281101,1042894,3978,51968993,2718047,2544564,241,2,16247,11175,3,0,54184,3950,789,404,392,8
14/11/2021,3592,11598,31545,77,46812,1293,6318,7,0,16,34,0,0,25832883,25292699,1074439,4055,52015805,2719343,2550882,248,2,16263,11209,3,0,42668,3149,266,306,420,3
15/11/2021,6260,27758,72448,301,106767,1966,18071,17,0,39,73,0,0,25839665,25320457,1146887,4356,52122572,2721311,2568953,265,2,16302,11282,3,0,99643,5019,1060,405,522,118
16/11/2021,6954,26929,91261,387,125531,2335,16112,9,0,13,45,0,0,25847121,25347386,1238148,4743,52248103,2723652,2585065,274,2,16315,11327,3,0,117771,5051,1738,451,502,18
17/11/2021,6487,21571,94520,316,122894,2147,12020,11,0,27,43,0,0,25853861,25368957,1332668,5059,52370997,2725800,2597085,285,2,16343,11370,3,0,116120,5014,832,657,253,18
18/11/2021,7401,21835,99200,320,128756,2605,11545,13,1,29,63,0,0,25861635,25390792,1431868,5379,52499753,2728417,2608630,298,3,16372,11433,3,0,121979,5339,539,489,373,37
19/11/2021,6897,18021,84112,311,109341,2532,9394,17,0,43,57,0,0,25869017,25408813,1515980,5690,52609094,2730954,2618024,315,3,16415,11490,3,0,102530,5485,304,520,485,17
20/11/2021,3198,6707,38505,118,48528,1407,2176,9,0,17,20,0,0,25872390,25415520,1554485,5808,52657622,2732368,2620200,324,3,16432,11510,3,0,42976,4359,672,331,175,15
21/11/2021,2768,5302,31146,73,39289,982,2245,9,0,14,32,0,0,25875212,25420822,1585631,5881,52696911,2733351,2622445,333,3,16446,11542,3,0,35057,3460,421,280,55,16
22/11/2021,5285,12537,95148,274,113244,1532,5675,16,0,32,73,0,0,25880525,25433359,1680779,6155,52810155,2734884,2628120,349,3,16478,11615,3,0,106537,5534,584,556,28,5
23/11/2021,5519,11172,123280,354,140325,1765,4508,17,0,14,33,0,0,25886103,25444531,1804059,6509,52950480,2736653,2632628,366,3,16492,11648,3,0,133774,5657,381,448,59,6
24/11/2021,5434,9130,128612,340,143516,1635,2948,19,0,26,20,0,0,25891591,25453661,1932671,6849,53093996,2738295,2635576,385,3,16518,11668,3,0,135374,7121,390,567,54,10
25/11/2021,6036,6453,131305,331,144125,1981,1987,10,0,26,27,0,0,25897740,25460114,2063976,7180,53238121,2740280,2637563,395,3,16544,11695,3,0,135702,6556,1288,455,113,11
26/11/2021,5097,7092,104524,217,116930,1484,2109,14,0,18,26,0,0,25902883,25467206,2168500,7397,53355051,2741764,2639672,409,3,16562,11721,3,0,108080,7757,595,448,46,4
27/11/2021,2629,5636,48575,126,56966,740,2173,13,0,17,17,0,0,25905532,25472842,2217075,7523,53412017,2742504,2641845,422,3,16579,11738,3,0,47883,8427,258,373,20,5
28/11/2021,2167,3832,37866,68,43933,650,1165,9,0,4,11,1,0,25907928,25476674,2254941,7591,53455950,2743155,2643010,431,3,16583,11749,4,0,38307,4851,228,310,229,8
29/11/2021,4671,7253,100361,302,112587,1745,2333,22,0,15,28,0,0,25912746,25483927,2355302,7893,53568537,2744900,2645343,453,3,16598,11777,4,0,102494,8826,718,396,148,5
30/11/2021,4826,9213,125279,328,139646,1817,2852,23,0,17,32,0,0,25918143,25493140,2480581,8221,53708183,2746729,2648195,476,3,16615,11809,4,0,128519,9663,462,427,571,4
01/12/2021,4864,8664,133474,363,147365,1979,2829,19,0,24,25,0,0,25923846,25501804,2614055,8584,53855548,2748712,2651024,495,3,16639,11834,4,0,130812,14646,655,402,840,10
02/12/2021,5534,9484,139901,377,155296,2283,3496,24,0,33,32,2,0,25929626,25511288,2753956,8961,54010844,2750996,2654520,519,3,16672,11866,6,0,136490,17607,504,445,248,2
03/12/2021,4514,7303,117829,271,129917,1757,2398,31,0,24,20,0,0,25934324,25518591,2871785,9232,54140761,2752753,2656918,550,3,16697,11886,6,0,109900,18872,296,656,184,9
04/12/2021,3288,4854,64018,153,72313,1676,1659,18,0,17,6,0,0,25938055,25523445,2935803,9385,54213074,2754429,2658577,568,3,16714,11892,6,0,54433,16060,959,413,443,5
05/12/2021,1756,3430,52197,133,57516,613,1099,15,0,20,15,0,0,25940233,25526875,2988000,9518,54270590,2755043,2659676,583,3,16734,11907,6,0,45376,10587,810,319,422,2
06/12/2021,4929,7025,90545,310,102809,2023,2306,18,0,18,12,2,0,25945725,25533900,3078545,9828,54373399,2757066,2661982,601,3,16752,11919,8,0,79961,20879,888,486,563,32
07/12/2021,4787,7311,117570,403,130071,1797,2470,31,0,29,8,1,0,25950868,25541211,3196115,10231,54503470,2758865,2664452,632,3,16781,11927,9,0,104068,24239,983,416,356,9
08/12/2021,4905,6967,118745,325,130942,1901,2303,24,0,24,13,0,0,25956081,25548178,3314860,10556,54634412,2760767,2666755,656,3,16805,11940,9,0,103273,25437,1370,530,320,12
09/12/2021,4989,8407,132853,375,146624,1964,2850,29,1,36,16,1,0,25961540,25556585,3447713,10931,54781036,2762731,2669605,685,4,16841,11956,10,0,116143,28372,1168,446,474,21
10/12/2021,3926,7508,117120,68,128622,1349,2517,27,0,26,21,2,0,25965801,25564093,3564833,10999,54909658,2764083,2672122,712,4,16867,11977,12,0,100935,25252,1660,383,335,57
11/12/2021,1461,2905,69649,59,74074,373,1233,21,0,5,6,3,0,25967372,25566998,3634482,11058,54983732,2764457,2673355,733,4,16872,11983,15,0,54318,18820,581,206,110,39
12/12/2021,1497,2549,65701,91,69838,485,948,22,0,7,9,1,0,25969021,25569547,3700183,11149,55053570,2764944,2674303,755,4,16879,11992,16,0,53468,15295,698,171,158,48
13/12/2021,4107,5578,124295,95,134075,1595,1910,41,0,22,14,1,0,25973338,25575125,3824478,11244,55187645,2766541,2676213,796,4,16901,12006,17,0,109493,22312,1717,333,210,10
14/12/2021,4153,5651,156873,107,166784,1539,1748,27,0,14,10,2,0,25977770,25580776,3981351,11351,55354429,2768081,2677961,823,4,16915,12016,19,0,140506,23758,1893,272,279,76
15/12/2021,4249,5846,164774,88,174957,1668,1749,24,0,33,15,3,0,25982396,25586622,4146125,11439,55529386,2769749,2679710,847,4,16948,12031,22,0,147293,25315,1544,295,377,133
16/12/2021,4467,6663,166502,119,177751,1862,2345,38,0,23,8,2,0,25987123,25593285,4312627,11558,55707137,2771612,2682055,885,4,16971,12039,24,0,152017,23038,1874,371,263,188
17/12/2021,3103,5174,157311,128,165716,985,1535,18,0,18,10,1,0,25990428,25598459,4469938,11686,55872853,2772597,2683590,903,4,16989,12049,25,0,139600,23804,1571,329,202,210
18/12/2021,1172,2372,70369,46,73959,283,575,12,0,4,7,2,0,25991805,25600831,4540307,11732,55946812,2772882,2684165,915,4,16993,12056,27,0,58210,13758,1415,178,209,189
19/12/2021,1340,2259,77545,207,81351,463,647,24,0,4,2,3,0,25993441,25603090,4617852,11939,56028163,2773346,2684812,939,4,16997,12058,30,0,65801,12567,2587,90,297,9
20/12/2021,3390,4758,141633,519,150300,1361,1703,34,0,9,6,1,0,25997047,25607848,4759485,12458,56178463,2774708,2686515,973,4,17006,12064,31,0,125444,22666,1719,250,216,5
21/12/2021,3307,4783,164024,413,172527,1280,1847,32,0,11,9,5,0,26000530,25612631,4923509,12871,56350990,2775991,2688362,1005,4,17017,12073,36,0,149219,20737,2179,205,177,10
22/12/2021,3306,5029,173434,259,182028,1361,1957,32,0,13,5,3,0,26004119,25617660,5096943,13130,56533018,2777353,2690319,1037,4,17030,12078,39,0,156142,22028,3295,220,309,34
23/12/2021,3623,5642,172939,395,182599,1487,2201,35,1,25,9,2,0,26007933,25623302,5269882,13525,56715617,2778841,2692520,1072,5,17055,12087,41,0,158260,20421,3482,228,204,4
24/12/2021,2293,4165,138023,370,144851,834,1532,37,0,2,6,1,0,26010331,25627467,5407905,13895,56860468,2779675,2694052,1109,5,17057,12093,42,0,124175,17765,2617,180,105,9
25/12/2021,529,1438,24328,90,26385,100,604,9,0,1,4,0,0,26010953,25628905,5432233,13985,56886853,2779775,2694656,1118,5,17058,12097,42,0,21643,3366,1162,115,95,4
26/12/2021,876,1562,63342,170,65950,306,529,10,0,1,4,1,0,26011888,25630467,5495575,14155,56952803,2780081,2695185,1128,5,17059,12101,43,0,54793,8783,2198,111,59,6
27/12/2021,3352,5466,124208,328,133354,1435,2222,46,0,5,8,2,0,26015437,25635933,5619783,14483,57086157,2781516,2697407,1174,5,17064,12109,45,0,110958,18819,3114,233,221,9
28/12/2021,3491,5100,148984,385,157960,1484,1924,56,0,4,5,5,0,26019132,25641033,5768767,14868,57244117,2783001,2699331,1230,5,17068,12114,50,0,127464,20378,9657,227,214,20
29/12/2021,3451,5291,181578,226,190546,1629,2080,84,0,6,1,4,0,26022805,25646324,5950345,15094,57434663,2784630,2701411,1314,5,17074,12115,54,0,155916,19850,14343,186,239,12
30/12/2021,3494,5111,202059,405,211069,1622,1944,72,0,4,4,6,0,26026470,25651435,6152404,15499,57645732,2786254,2703355,1386,5,17078,12119,60,0,172852,19924,17911,200,174,8
31/12/2021,2786,4745,178432,284,186247,1318,2037,71,0,5,11,10,0,26029541,25656180,6330836,15783,57831979,2787573,2705392,1457,5,17083,12130,70,0,152162,16664,16958,159,287,17
01/01/2022,537,901,40874,134,42446,156,267,39,3,1,0,1,0,26030146,25657081,6371710,15917,57874425,2787729,2705659,1496,8,17084,12130,71,0,28345,2966,10981,83,68,3
02/01/2022,1370,1530,93851,225,96976,540,517,51,0,4,0,1,0,26031636,25658611,6465561,16142,57971401,2788270,2706176,1547,8,17088,12130,72,0,75701,8341,12741,59,120,14
03/01/2022,2876,4178,206977,395,214426,1459,1649,132,3,23,4,1,0,26034678,25662789,6672538,16537,58185827,2789729,2707825,1679,11,17111,12134,73,0,180363,12904,20821,163,167,8
04/01/2022,2945,4285,239301,283,246814,1373,1568,152,0,17,9,2,0,26037895,25667074,6911839,16820,58432641,2791105,2709393,1831,11,17128,12143,75,0,213306,12622,20432,136,315,3
05/01/2022,2846,4348,243359,251,250804,1398,1709,192,1,18,3,1,0,26041011,25671422,7155198,17071,58683445,2792503,2711102,2023,12,17146,12146,76,0,212579,12995,24770,163,286,11
06/01/2022,3005,4877,250142,281,258305,1430,1846,165,0,21,5,2,0,26044271,25676299,7405340,17352,58941750,2793935,2712948,2188,12,17167,12151,78,0,217543,12757,27490,232,271,12
07/01/2022,2796,3679,215320,283,222078,1410,1242,205,0,22,15,0,0,26047257,25679978,7620660,17635,59163828,2795346,2714190,2393,12,17189,12166,78,0,180009,13443,28224,204,190,8
08/01/2022,1272,1306,125216,535,128329,425,325,138,0,22,1,0,0,26048635,25681284,7745876,18170,59292157,2795771,2714515,2531,12,17211,12167,78,0,94240,9961,23754,147,107,120
09/01/2022,979,1663,110028,287,112957,320,511,109,0,33,2,2,0,26049868,25682947,7855904,18457,59405114,2796092,2715026,2640,12,17244,12169,80,0,81063,7819,23724,77,255,19
10/01/2022,2197,3489,222021,378,228085,812,1392,173,1,29,3,5,0,26052285,25686436,8077925,18835,59633199,2796904,2716418,2813,13,17273,12172,85,0,169795,13946,43906,171,235,32
11/01/2022,2227,3340,252584,359,258510,908,1319,174,1,25,3,0,0,26054592,25689776,8330509,19194,59891709,2797812,2717737,2987,14,17298,12175,85,0,199226,12390,46660,143,85,6
12/01/2022,2098,3460,255372,254,261184,781,1395,237,0,12,5,4,0,26056880,25693236,8585881,19448,60152893,2798595,2719132,3224,14,17310,12180,89,0,199871,13171,47720,136,276,10
13/01/2022,2245,3648,266233,347,272473,859,1439,253,1,13,5,3,0,26059241,25696884,8852114,19795,60425366,2799462,2720571,3477,15,17323,12185,92,0,210716,12636,48750,128,210,33
14/01/2022,1813,2386,235871,375,240445,777,848,270,1,28,1,3,0,26061145,25699270,9087985,20170,60665811,2800243,2721419,3747,16,17351,12186,95,0,176366,13176,50364,91,444,4
15/01/2022,1038,959,168098,372,170467,373,275,224,2,9,1,3,0,26062407,25700229,9256083,20542,60836278,2800617,2721694,3971,18,17360,12187,98,0,103501,8529,58166,45,226,0
16/01/2022,898,914,147849,357,150018,314,329,194,0,17,1,0,0,26063351,25701143,9403932,20899,60986296,2800931,2722023,4165,18,17377,12188,98,0,84481,7187,58234,55,47,14
17/01/2022,2010,3318,242398,452,248178,784,1416,453,1,17,1,1,0,26065512,25704461,9646330,21351,61234474,2801716,2723439,4618,19,17394,12189,99,0,171953,11198,64715,117,168,27
18/01/2022,1083,1553,130586,396,133618,348,630,487,5,12,3,2,0,26066650,25706014,9776916,21747,61368092,2802066,2724069,5105,24,17406,12192,101,0,91069,6788,35540,81,110,30
19/01/2022,2043,4696,266852,235,273826,737,1998,465,1,15,7,8,0,26069095,25710710,10043768,21982,61641918,2802809,2726067,5570,25,17421,12199,109,0,197927,11130,63859,110,704,96
20/01/2022,1825,3622,247676,319,253442,717,1634,280,2,15,3,3,0,26071066,25714332,10291444,22301,61895360,2803527,2727701,5850,27,17436,12202,112,0,187644,9102,56336,76,171,113
21/01/2022,1568,2947,196896,850,202261,571,1604,254,0,33,3,6,0,26072718,25717279,10488340,23151,62097621,2804098,2729305,6104,27,17469,12205,118,0,147092,6909,47789,33,369,69
22/01/2022,1061,807,158410,660,160938,347,279,281,2,13,0,2,0,26073840,25718086,10646750,23811,62258559,2804445,2729584,6385,29,17482,12205,120,0,105217,6541,48994,74,101,11
23/01/2022,827,1116,132090,335,134368,199,495,244,0,9,5,1,0,26074764,25719202,10778840,24146,62392927,2804644,2730079,6629,29,17491,12210,121,0,83333,4913,45984,22,101,15
24/01/2022,1930,2977,202848,448,208203,563,1424,334,2,7,11,6,0,26076928,25722179,10981688,24594,62601130,2805207,2731503,6963,31,17498,12221,127,0,156858,9194,41778,75,269,29
25/01/2022,2204,2901,213402,276,218783,663,1342,343,0,18,15,5,0,26079210,25725080,11195090,24870,62819913,2805872,2732845,7306,31,17516,12236,132,0,164798,8821,44982,63,106,13
26/01/2022,1719,2669,208698,243,213329,552,1236,283,1,19,13,3,0,26081055,25727749,11403788,25113,63033242,2806424,2734081,7589,32,17535,12249,135,0,159425,8934,44716,72,162,20
27/01/2022,1722,2888,204887,332,209829,579,1324,321,2,7,17,5,0,26082954,25730637,11608675,25445,63243071,2807006,2735405,7910,34,17542,12266,140,0,156306,8071,45138,54,248,12
28/01/2022,1699,2773,178594,410,183476,637,1300,393,3,17,11,4,0,26084806,25733410,11787269,25855,63426547,2807643,2736705,8303,37,17559,12277,144,0,132116,8931,41900,69,403,57
29/01/2022,764,1006,98800,196,100766,283,388,198,0,13,12,3,0,26085619,25734416,11886069,26051,63527313,2807926,2737093,8501,37,17572,12289,147,0,67336,5311,27732,71,308,8
30/01/2022,528,859,81484,191,83062,138,299,165,0,3,6,7,0,26086203,25735275,11967553,26242,63610375,2808064,2737392,8666,37,17575,12295,154,0,54352,3860,24759,20,59,12
31/01/2022,1011,1774,95943,298,99026,281,697,164,0,5,7,2,0,26087267,25737049,12063496,26540,63709401,2808345,2738089,8830,37,17580,12302,156,0,74357,6573,17943,46,100,7
01/02/2022,224,353,28742,70,29389,43,111,41,0,0,2,0,0,26087524,25737402,12092238,26610,63738790,2808388,2738200,8871,37,17580,12304,156,0,21201,933,7190,26,33,6
02/02/2022,277,507,29860,79,30723,45,118,63,0,13,2,0,0,26087881,25737909,12122098,26689,63769513,2808433,2738318,8934,37,17593,12306,156,0,22038,1687,6867,31,85,15
03/02/2022,2564,2835,98259,260,103918,399,1159,220,0,1252,12,7,0,26090557,25740744,12220357,26949,63873431,2808836,2739477,9154,37,18845,12318,163,0,79449,7888,16373,45,155,8
04/02/2022,2787,1922,87912,210,92831,397,827,283,0,1556,24,3,0,26093384,25742666,12308269,27159,63966262,2809233,2740304,9437,37,20401,12342,166,0,72797,7627,12331,30,42,4
05/02/2022,16036,903,58422,156,75517,1144,305,166,0,14103,6,4,0,26109508,25743569,12366691,27315,64041779,2810377,2740609,9603,37,34504,12348,170,0,62258,4791,8311,28,110,19
06/02/2022,16589,851,53497,113,71050,1131,339,137,0,14796,8,1,0,26126156,25744420,12420188,27428,64112829,2811508,2740948,9740,37,49300,12356,171,0,58918,3722,8314,27,62,7
07/02/2022,9772,2464,111385,339,123960,935,883,301,0,7701,24,4,0,26136028,25746884,12531573,27767,64236789,2812443,2741831,10041,37,57001,12380,175,0,101621,7470,14521,51,273,24
08/02/2022,11265,1707,144789,357,158118,1097,595,506,2,8854,13,8,0,26147383,25748591,12676362,28124,64394907,2813541,2742426,10547,39,65855,12393,183,0,129373,11450,17130,44,112,9
09/02/2022,14679,2308,153755,380,171122,1502,864,644,1,11931,22,8,0,26162248,25750899,12830117,28504,64566029,2815045,2743290,11191,40,77786,12415,191,0,140964,15003,14851,59,234,11
10/02/2022,18977,2050,157330,364,178721,1609,707,686,1,16039,14,9,0,26181371,25752949,12987447,28868,64744750,2816655,2743997,11877,41,93825,12429,200,0,149216,15756,13498,59,184,8
11/02/2022,21491,1829,141628,371,165319,1848,602,817,3,18200,18,7,0,26202994,25754778,13129075,29239,64910069,2818503,2744599,12694,44,112025,12447,207,0,139104,14240,11235,47,672,21
12/02/2022,40428,883,106264,310,147885,2588,261,629,5,36805,12,6,0,26243529,25755661,13235339,29549,65057954,2821093,2744860,13323,49,148830,12459,213,0,129502,9731,8458,43,142,9
13/02/2022,36035,854,84364,249,121502,2133,241,462,1,33139,7,7,0,26279666,25756515,13319703,29798,65179456,2823226,2745101,13785,50,181969,12466,220,0,105715,7318,8323,17,121,8
14/02/2022,39772,1779,111858,321,153730,3044,530,654,3,35359,14,4,0,26319644,25758294,13431561,30119,65333186,2826271,2745631,14439,53,217328,12480,224,0,133408,12852,7177,63,220,10
15/02/2022,43445,1993,112881,271,158590,3223,596,640,1,38802,21,11,0,26363333,25760287,13544442,30390,65491776,2829495,2746227,15079,54,256130,12501,235,0,138462,12454,7340,61,266,7
16/02/2022,46287,1916,120051,290,168544,3431,615,713,5,41651,11,3,0,26409952,25762203,13664493,30680,65660320,2832927,2746842,15792,59,297781,12512,238,0,146558,13706,7784,33,445,18
17/02/2022,55292,1858,120406,268,177824,3895,562,755,5,49980,6,4,0,26465323,25764061,13784899,30948,65838144,2836822,2747404,16547,64,347761,12518,242,0,155827,13599,8111,27,247,13
18/02/2022,44833,1795,116283,323,163234,3108,620,718,1,40417,24,5,0,26510322,25765856,13901182,31271,66001378,2839930,2748024,17265,65,388186,12542,247,0,140672,13706,8519,57,273,7
19/02/2022,74236,759,79516,215,154726,4176,268,498,0,69055,33,33,0,26584630,25766615,13980698,31486,66156104,2844106,2748292,17763,65,457259,12575,280,0,138412,9837,6318,46,110,3
20/02/2022,62075,572,68063,190,130900,3940,166,308,1,56939,5,6,0,26646781,25767187,14048761,31676,66287004,2848047,2748458,18071,66,514198,12580,286,0,116346,7614,6840,14,78,8
21/02/2022,53948,1222,86105,210,141485,3852,347,582,2,48888,14,3,0,26700797,25768409,14134866,31886,66428489,2851900,2748805,18653,68,563086,12594,289,0,123841,10824,6534,23,124,139
22/02/2022,53404,756,98001,313,152474,3608,201,591,5,48547,4,3,0,26754260,25769165,14232867,32199,66580963,2855509,2749006,19244,73,611633,12598,292,0,134002,11162,7146,27,97,40
23/02/2022,49568,659,97201,268,147696,3272,150,575,0,45214,12,5,0,26803876,25769824,14330068,32467,66728659,2858781,2749156,19819,73,656847,12610,297,0,130475,10601,6457,28,128,7
24/02/2022,49054,1141,90748,267,141210,3435,300,569,2,44534,10,9,0,26853026,25770965,14420816,32734,66869869,2862223,2749456,20388,75,701381,12620,306,0,125682,9904,5190,51,374,9
25/02/2022,45784,1176,88676,381,136017,3048,349,529,6,41583,65,5,0,26898874,25772141,14509492,33115,67005886,2865271,2749805,20917,81,742964,12685,311,0,120181,10342,5301,23,168,2
26/02/2022,56296,936,64654,168,122054,3082,312,413,2,52481,63,6,0,26955371,25773077,14574146,33283,67127940,2868353,2750117,21330,83,795445,12748,317,0,109835,7080,4900,33,204,2
27/02/2022,42834,854,59993,132,103813,2368,230,294,1,39648,34,9,0,26998408,25773931,14634139,33415,67231753,2870721,2750347,21624,84,835093,12782,326,0,92580,6463,4519,43,205,3
28/02/2022,35282,1489,82752,270,119793,2530,538,553,0,31685,49,7,0,27033770,25775420,14716891,33685,67351546,2873252,2750885,22177,84,866778,12831,333,0,106376,8769,4467,42,109,30
01/03/2022,27272,1451,75732,307,104762,1798,504,475,2,24445,41,9,0,27061075,25776871,14792623,33992,67456308,2875050,2751389,22652,86,891223,12872,342,0,94813,6001,3827,47,68,6
02/03/2022,27739,1595,71458,215,101007,2017,566,360,1,24824,51,4,0,27088868,25778466,14864081,34207,67557315,2877067,2751955,23012,87,916047,12923,346,0,91715,5108,4072,27,69,16
03/03/2022,24419,1652,73128,291,99490,1920,607,331,1,21548,57,6,0,27113336,25780118,14937209,34498,67656805,2878987,2752562,23343,88,937595,12980,352,0,90479,4999,3886,31,61,34
04/03/2022,23718,1792,58642,164,84316,1674,741,327,3,21231,170,3,0,27137128,25781910,14995851,34662,67741121,2880673,2753303,23670,91,958828,13150,355,0,75299,5357,3492,74,86,8
05/03/2022,30989,1250,38392,150,70781,1687,444,205,1,28343,143,9,0,27168275,25783160,15034243,34812,67811902,2882360,2753747,23875,92,987171,13293,364,0,64827,3267,2249,262,174,2
06/03/2022,25004,1128,32601,97,58830,1603,495,176,0,22770,49,4,0,27193429,25784288,15066844,34909,67870732,2883963,2754242,24051,92,1009941,13342,368,0,53396,2813,2188,272,155,6
07/03/2022,16555,1983,47243,196,65977,1327,849,309,1,14327,139,9,0,27210052,25786271,15114087,35105,67936709,2885290,2755091,24360,93,1024268,13481,377,0,57125,5892,2555,320,71,14
08/03/2022,20040,2140,48719,177,71076,1473,886,341,1,17574,71,3,0,27230300,25788411,15162806,35282,68007785,2886763,2755977,24701,94,1041842,13552,380,0,62018,6239,2194,366,257,2
09/03/2022,19194,1975,43366,109,64644,1257,896,257,1,17052,81,2,0,27249556,25790386,15206172,35391,68072429,2888020,2756873,24958,95,1058894,13633,382,0,56212,5527,2525,309,66,5
10/03/2022,20595,1995,43877,139,66606,1394,923,299,2,18191,82,0,0,27270244,25792381,15250049,35530,68139035,2889414,2757796,25257,97,1077085,13715,382,0,58161,5535,2529,221,155,5
11/03/2022,24497,2006,33370,125,59998,1560,906,235,2,21899,98,4,0,27294851,25794387,15283419,35655,68199033,2890975,2758702,25492,99,1098984,13813,386,0,52153,5096,2288,321,133,7
12/03/2022,26601,1533,20712,71,48917,1329,617,152,1,24181,71,10,0,27321563,25795920,15304131,35726,68247950,2892304,2759319,25644,100,1123165,13884,396,0,41772,5192,1540,158,243,12
13/03/2022,23897,1602,20720,75,46294,1378,931,108,0,21806,60,1,0,27345587,25797522,15324851,35801,68294244,2893682,2760250,25752,100,1144971,13944,397,0,39950,4390,1506,252,194,2
14/03/2022,14991,2360,36328,124,53803,1272,1138,274,1,12914,101,5,0,27360765,25799882,15361179,35925,68348047,2894954,2761388,26026,101,1157885,14045,402,0,46562,4503,2244,201,286,7
15/03/2022,18579,2024,38480,121,59204,1248,972,327,0,16544,89,9,0,27379436,25801906,15399659,36046,68407251,2896202,2762360,26353,101,1174429,14134,411,0,51884,5085,1854,201,175,5
16/03/2022,13550,2191,34067,187,49995,1024,863,281,0,11820,102,0,0,27393418,25804097,15433726,36233,68457246,2897227,2763223,26634,101,1186249,14236,411,0,44913,3230,1126,229,490,7
17/03/2022,14094,2388,31450,111,48043,1119,1028,264,1,12209,178,0,0,27407839,25806485,15465176,36344,68505289,2898352,2764251,26898,102,1198458,14414,411,0,43310,2956,1233,150,390,4
18/03/2022,19423,1916,21055,111,42505,1214,997,231,0,17478,148,15,0,27427376,25808401,15486231,36455,68547794,2899566,2765248,27129,102,1215936,14562,426,0,38499,3002,708,137,134,25
19/03/2022,16509,1396,18252,54,36211,1053,669,197,0,14810,98,4,0,27444082,25809797,15504483,36509,68584005,2900620,2765917,27326,102,1230746,14660,430,0,31879,2646,1242,229,212,3
20/03/2022,10781,1286,16894,59,29020,852,639,134,1,9270,39,2,0,27455094,25811083,15521377,36568,68613025,2901472,2766556,27460,103,1240016,14699,432,0,25349,1733,1490,197,251,0
21/03/2022,5161,1890,22449,87,29587,526,899,269,0,3714,84,1,0,27460322,25812973,15543826,36655,68642612,2901998,2767455,27729,103,1243730,14783,433,0,25212,2765,1368,168,70,4
22/03/2022,6731,1611,22048,80,30470,499,709,299,0,5345,77,1,0,27467107,25814584,15565874,36735,68673082,2902497,2768164,28028,103,1249075,14860,434,0,26799,2414,1025,163,65,4
23/03/2022,6391,1615,21001,125,29132,494,690,684,6,4898,56,2,0,27473679,25816199,15586875,36860,68702214,2902991,2768854,28712,109,1253973,14916,436,0,25546,2293,992,110,189,2
24/03/2022,6976,1878,21350,64,30268,637,796,281,0,5463,97,2,0,27480847,25818077,15608225,36924,68732482,2903630,2769650,28993,109,1259437,15013,438,0,26539,2151,1153,163,260,2
25/03/2022,13112,1571,19607,79,34369,1123,742,213,0,11169,199,3,0,27494060,25819648,15627832,37003,68766851,2904754,2770392,29206,109,1270606,15212,441,0,30177,3052,921,106,105,8
26/03/2022,13846,1115,18138,65,33164,1116,539,125,0,12072,191,8,0,27507949,25820763,15645970,37068,68800015,2905870,2770931,29331,109,1282678,15403,449,0,27885,3014,1614,206,442,3
27/03/2022,6774,955,17375,55,25159,626,496,138,0,5596,86,1,0,27514775,25821718,15663345,37123,68825174,2906496,2771427,29469,109,1288274,15489,450,0,20464,2474,1810,207,200,4
28/03/2022,4813,1927,36917,122,43779,640,785,386,1,3186,147,3,0,27519747,25823645,15700262,37245,68868953,2907138,2772212,29855,110,1291460,15636,453,0,35897,5080,2460,147,188,7
29/03/2022,6274,1814,42033,174,50295,556,675,600,0,4923,102,2,0,27526197,25825459,15742295,37419,68919248,2907694,2772887,30455,110,1296383,15738,455,0,41489,5806,2543,224,221,12
30/03/2022,5759,1634,46715,176,54284,583,616,617,3,4402,116,9,0,27532128,25827093,15789010,37595,68973532,2908277,2773503,31072,113,1300785,15854,464,0,44246,6407,3295,154,176,6
31/03/2022,7785,2177,49841,161,59964,749,825,600,0,6132,322,3,0,27539981,25829270,15838851,37756,69033496,2909026,2774328,31672,113,1306917,16176,467,0,50088,6575,3050,118,121,12
01/04/2022,10973,2983,22727,97,36780,993,806,318,1,9217,1351,2,0,27551153,25832253,15861578,37853,69070276,2910019,2775134,31990,114,1316134,17527,469,0,32162,2976,1350,74,215,3
02/04/2022,9583,6108,11984,44,27719,805,708,213,0,8319,4952,2,0,27560774,25838361,15873562,37897,69097995,2910824,2775842,32203,114,1324453,22479,471,0,24584,2255,739,28,111,2
03/04/2022,2841,10869,4327,12,18049,222,880,123,0,2322,9582,3,0,27563638,25849230,15877889,37909,69116044,2911046,2776722,32326,114,1326775,32061,474,0,16266,1119,620,16,24,4
04/04/2022,3347,9194,11498,58,24097,407,1114,362,0,2381,7426,7,0,27566990,25858424,15889387,37967,69140141,2911453,2777836,32688,114,1329156,39487,481,0,20761,2616,684,18,13,5
05/04/2022,3408,9468,12195,64,25135,326,892,361,1,2357,7910,6,0,27570430,25867892,15901582,38031,69165276,2911779,2778728,33049,115,1331513,47397,487,0,21480,3033,548,10,64,0
06/04/2022,3573,12722,11611,62,27968,308,1140,272,1,2633,10593,0,0,27574345,25880614,15913193,38093,69193244,2912087,2779868,33321,116,1334146,57990,487,0,24412,2655,522,16,362,1
07/04/2022,4537,16170,11156,60,31923,357,1378,293,0,3525,14131,4,0,27578897,25896784,15924349,38153,69225167,2912444,2781246,33614,116,1337671,72121,491,0,28315,2883,616,10,98,1
08/04/2022,7308,21748,8770,35,37861,591,1658,216,1,6085,19209,8,0,27586278,25918532,15933119,38188,69263028,2913035,2782904,33830,117,1343756,91330,499,0,33607,3551,570,19,112,2
09/04/2022,7523,30420,6974,26,44943,527,2047,187,0,6271,27823,7,0,27593824,25948952,15940093,38214,69307971,2913562,2784951,34017,117,1350027,119153,506,0,39907,3929,1065,13,23,6
10/04/2022,4333,30314,6488,38,41173,288,1749,121,0,3364,28089,12,0,27598166,25979266,15946581,38252,69349144,2913850,2786700,34138,117,1353391,147242,518,0,37635,2896,616,6,19,1
11/04/2022,4874,33913,10408,60,49255,505,2212,287,0,3839,30834,3,0,27603050,26013179,15956989,38312,69398399,2914355,2788912,34425,117,1357230,178076,521,0,46051,2461,702,16,22,3
12/04/2022,5005,35104,8601,68,48778,378,2113,283,1,4149,32170,6,0,27608096,26048283,15965590,38380,69447177,2914733,2791025,34708,118,1361379,210246,527,0,46038,2256,417,10,56,1
13/04/2022,6067,36808,7875,40,50790,711,2145,304,1,4884,34040,3,0,27614213,26085091,15973465,38420,69497967,2915445,2793170,35012,119,1366263,244286,530,0,48525,1670,496,7,84,8
14/04/2022,9222,44601,8292,63,62178,799,2791,173,3,7933,41171,6,0,27623462,26129692,15981757,38483,69560145,2916244,2795961,35185,122,1374196,285457,536,0,59462,1900,731,17,64,4
15/04/2022,12144,41847,5940,94,60025,967,2314,197,0,10676,38864,60,0,27635626,26171539,15987697,38577,69620170,2917211,2798275,35382,122,1384873,324321,596,0,57342,2257,385,7,20,14
16/04/2022,15714,63910,4582,141,84347,867,3177,162,0,14201,60148,20,0,27651364,26235449,15992279,38718,69704517,2918078,2801452,35544,122,1399074,384469,616,0,81346,2617,351,4,28,1
17/04/2022,11869,47914,3655,130,63568,709,2583,106,0,10350,44808,1,0,27663342,26283363,15995934,38848,69768085,2918787,2804035,35650,122,1409424,429277,617,0,61013,2044,390,3,109,9
18/04/2022,9840,43076,6481,232,59629,808,2633,237,1,8568,39768,8,0,27673211,26326439,16002415,39080,69827714,2919595,2806668,35887,123,1417992,469045,625,0,57498,1523,549,12,44,3
19/04/2022,8167,37535,4890,259,50851,944,2132,211,1,6823,34819,8,0,27681398,26363974,16007305,39339,69878565,2920539,2808800,36098,124,1424815,503864,633,0,49198,1234,375,5,35,4
20/04/2022,12089,47277,5713,313,65392,797,2491,177,0,10744,44141,4,0,27693528,26411251,16013018,39652,69943957,2921336,2811291,36275,124,1435559,548005,637,0,64063,954,303,7,65,0
21/04/2022,15023,43762,7118,359,66262,1010,2634,173,1,13558,40355,4,0,27708608,26455013,16020136,40011,70010219,2922346,2813925,36448,125,1449117,588360,641,0,64803,981,349,4,123,2
22/04/2022,17486,46851,4991,397,69725,1107,2438,168,1,15772,43789,3,0,27726117,26501864,16025127,40408,70079944,2923453,2816363,36616,126,1464889,632149,644,0,67792,1581,308,6,33,5
23/04/2022,18641,58149,3323,325,80438,971,2708,139,0,17074,54959,20,0,27744781,26560013,16028450,40733,70160382,2924424,2819071,36755,126,1481963,687108,664,0,78463,1701,233,14,23,4
24/04/2022,12627,41041,2944,267,56879,808,1945,108,0,11453,38636,4,0,27757422,26601054,16031394,41000,70217261,2925232,2821016,36863,126,1493416,725744,668,0,55435,1122,306,0,16,0
25/04/2022,8375,28697,4663,614,42349,722,1709,181,0,7038,26376,4,0,27765837,26629751,16036057,41614,70259610,2925954,2822725,37044,126,1500454,752120,672,0,41161,915,217,4,48,4
26/04/2022,7642,24541,4866,643,37692,544,1225,219,0,6694,22609,7,0,27773621,26654292,16040923,42257,70297302,2926498,2823950,37263,126,1507148,774729,679,0,36289,885,364,4,149,1
27/04/2022,8827,24457,4456,756,38496,559,1364,135,1,7786,22468,1,0,27782493,26678749,16045379,43013,70335798,2927057,2825314,37398,127,1514934,797197,680,0,37290,844,283,2,75,2
28/04/2022,8826,21818,4396,816,35856,544,1241,139,0,7871,20061,1,0,27791330,26700567,16049775,43829,70371654,2927601,2826555,37537,127,1522805,817258,681,0,34807,776,249,4,19,1
29/04/2022,11520,27228,3130,799,42677,633,1318,178,1,10311,25395,6,0,27802856,26727795,16052905,44628,70414331,2928234,2827873,37715,128,1533116,842653,687,0,41143,1384,142,1,7,0
30/04/2022,7774,28211,2028,419,38432,400,1229,109,0,7072,26619,6,0,27810633,26756006,16054933,45047,70452763,2928634,2829102,37824,128,1540188,869272,693,0,37144,1183,95,2,4,4
01/05/2022,2366,10412,546,260,13584,108,440,44,0,2149,9797,0,0,27813004,26766418,16055479,45307,70466347,2928743,2829542,37868,128,1542337,879069,693,0,13200,335,40,3,5,1
02/05/2022,784,1701,353,326,3164,27,91,37,0,725,1564,0,0,27813788,26768119,16055832,45633,70469511,2928770,2829633,37905,128,1543062,880633,693,0,3043,121,0,0,0,0
03/05/2022,637,1149,243,236,2265,8,45,23,0,605,1059,0,0,27814425,26769268,16056075,45869,70471776,2928778,2829678,37928,128,1543667,881692,693,0,2169,87,7,2,0,0
04/05/2022,717,1570,467,448,3202,13,88,18,0,655,1429,1,0,27815143,26770838,16056542,46317,70474978,2928791,2829766,37946,128,1544322,883121,694,0,2906,185,109,0,2,0
05/05/2022,2319,8252,1685,1517,13773,165,421,117,0,1984,7530,2,0,27817468,26779090,16058227,47834,70488751,2928956,2830187,38063,128,1546306,890651,696,0,12944,733,86,3,7,0
06/05/2022,4563,14500,1572,1485,22120,246,698,118,2,4088,13441,2,0,27822035,26793590,16059799,49319,70510871,2929202,2830885,38181,130,1550394,904092,698,0,21251,820,39,4,4,2
07/05/2022,5161,18560,1340,906,25967,293,815,105,0,4634,17454,3,0,27827201,26812150,16061139,50225,70536838,2929495,2831700,38286,130,1555028,921546,701,0,25060,814,84,2,7,0
08/05/2022,8174,20601,1467,756,30998,472,972,75,0,6972,18530,2,0,27835381,26832751,16062606,50981,70567836,2929967,2832672,38361,130,1562000,940076,703,0,30130,755,105,0,8,0
09/05/2022,8825,17979,2882,2378,32064,645,1218,95,0,7794,16337,1,0,27844217,26850730,16065488,53359,70599900,2930612,2833890,38456,130,1569794,956413,704,0,31085,804,153,7,15,0
10/05/2022,10338,17332,3490,2599,33759,711,1023,139,1,9289,15971,2,0,27854564,26868062,16068978,55958,70633659,2931323,2834913,38595,131,1579083,972384,706,0,32680,817,249,1,12,0
11/05/2022,13111,16476,3647,2893,36127,789,988,107,1,11827,15140,2,0,27867686,26884538,16072625,58851,70669786,2932113,2835901,38702,132,1590910,987524,708,0,35041,742,254,4,86,0
12/05/2022,18036,19192,4306,2593,44127,1221,1249,171,1,16186,17525,0,0,27885745,26903730,16076931,61444,70713913,2933334,2837150,38873,133,1607096,1005049,708,0,42635,965,485,5,34,3
13/05/2022,23093,29503,3004,2018,57618,1278,1381,128,0,21049,27658,5,0,27908846,26933233,16079935,63462,70771531,2934612,2838531,39001,133,1628145,1032707,713,0,56126,1325,154,1,10,2
14/05/2022,17976,27338,2333,1601,49248,1046,1389,109,1,16293,25631,2,0,27926822,26960571,16082268,65063,70820779,2935658,2839920,39110,134,1644438,1058338,715,0,47776,1287,167,6,8,4
15/05/2022,10129,14331,1311,809,26580,480,756,48,0,9002,13289,7,0,27937007,26974902,16083579,65872,70847359,2936138,2840676,39158,134,1653440,1071627,722,0,25656,753,110,0,57,4
16/05/2022,2774,5605,1826,1828,12033,303,556,77,1,1972,4856,0,0,27939798,26980507,16085405,67700,70859392,2936441,2841232,39235,135,1655412,1076483,722,0,10990,875,147,3,18,0
17/05/2022,3585,9752,2853,2513,18703,329,651,94,0,2967,8518,3,0,27943591,26990259,16088258,70213,70878095,2936770,2841883,39329,135,1658379,1085001,725,0,17726,630,137,0,209,1
18/05/2022,3610,7186,2625,2335,15756,295,611,89,0,3090,6247,3,0,27947237,26997445,16090883,72548,70893851,2937065,2842494,39418,135,1661469,1091248,728,0,15096,491,127,1,41,0
19/05/2022,4831,8536,3245,2563,19175,404,698,128,1,4074,7505,0,0,27952109,27005981,16094128,75111,70913026,2937469,2843192,39546,136,1665543,1098753,728,0,18210,592,302,5,66,0
20/05/2022,8123,14024,2115,1606,25868,454,861,69,0,7312,12818,6,0,27960242,27020005,16096243,76717,70938894,2937923,2844053,39615,136,1672855,1111571,734,0,25005,769,65,3,26,0
21/05/2022,8377,14632,1540,1077,25626,348,816,70,1,6831,13540,4,0,27968622,27034637,16097783,77794,70964520,2938271,2844869,39685,137,1679686,1125111,738,0,23981,1536,98,4,4,3
22/05/2022,6415,8869,1383,822,17489,284,501,75,0,4976,8188,1,0,27975043,27043506,16099166,78616,70982009,2938555,2845370,39760,137,1684662,1133299,739,0,16514,813,155,1,6,0
23/05/2022,3808,5002,1992,1559,12361,292,335,73,1,3322,4447,2,0,27978960,27048508,16101158,80175,70994370,2938847,2845705,39833,138,1687984,1137746,741,0,11686,426,103,2,144,0
24/05/2022,4137,5441,2439,1867,13884,307,295,76,1,3628,4913,1,0,27983184,27053949,16103597,82042,71008254,2939156,2846000,39909,139,1691612,1142659,742,0,13058,503,171,3,147,2
25/05/2022,4153,5415,2328,1700,13596,295,351,64,1,3651,4697,0,0,27987566,27059364,16105925,83742,71021850,2939451,2846351,39973,140,1695263,1147356,742,0,12784,413,98,1,300,0
26/05/2022,6565,6456,3269,1877,18167,487,403,96,0,5798,5873,1,0,27994159,27065820,16109194,85619,71040017,2939938,2846754,40069,140,1701061,1153229,743,0,17209,490,135,3,330,0
27/05/2022,9268,11049,2027,1511,23855,458,562,73,0,8091,10244,2,0,28003446,27076869,16111221,87130,71063872,2940396,2847316,40142,140,1709152,1163473,745,0,22970,731,126,3,23,2
28/05/2022,8789,10612,1277,1037,21715,388,535,72,1,7283,9804,0,0,28012240,27087481,16112498,88167,71085587,2940784,2847851,40214,141,1716435,1173277,745,0,20891,736,72,2,8,6
29/05/2022,7174,6992,1117,645,15928,345,465,45,2,5393,5693,1,0,28019428,27094473,16113615,88812,71101515,2941129,2848316,40259,143,1721828,1178970,746,0,15256,382,271,0,15,4
30/05/2022,5886,4810,2087,1556,14339,431,431,62,0,5166,4127,1,0,28025405,27099283,16115702,90368,71115854,2941560,2848747,40321,143,1726994,1183097,747,0,13716,439,90,0,93,1
31/05/2022,8011,4723,2227,1787,16748,460,470,86,3,7232,4041,1,0,28033446,27104006,16117929,92155,71132602,2942020,2849217,40407,146,1734226,1187138,748,0,16149,457,106,1,31,4
01/06/2022,859,2692,1649,1207,6407,108,327,71,0,626,2138,0,0,28034346,27106698,16119578,93362,71139009,2942128,2849544,40478,146,1734852,1189276,748,0,6056,255,50,0,43,3
02/06/2022,967,4191,1541,1143,7842,119,480,61,0,717,3506,3,0,28035320,27110889,16121119,94505,71146851,2942247,2850024,40539,146,1735569,1192782,751,0,7493,299,43,0,7,0
03/06/2022,2250,6856,1223,918,11247,113,571,50,0,1963,5954,4,0,28037628,27117745,16122342,95423,71158098,2942360,2850595,40589,146,1737532,1198736,755,0,10745,406,37,0,59,0
04/06/2022,2175,5685,830,713,9403,57,412,54,1,1160,4971,1,0,28039803,27123430,16123172,96136,71167501,2942417,2851007,40643,147,1738692,1203707,756,0,8963,391,40,9,0,0
05/06/2022,1598,3187,605,449,5839,48,261,28,0,579,2756,2,0,28041406,27126617,16123777,96585,71173340,2942465,2851268,40671,147,1739271,1206463,758,0,5531,271,32,0,5,0
06/06/2022,362,1348,460,514,2684,21,169,31,0,296,1102,1,0,28041771,27127965,16124237,97099,71176024,2942486,2851437,40702,147,1739567,1207565,759,0,2484,183,12,2,3,0
07/06/2022,599,3743,1852,1156,7350,55,431,95,0,405,2915,2,0,28042465,27131708,16126089,98255,71183374,2942542,2851868,40797,147,1739972,1210480,761,0,6668,566,17,1,97,1
08/06/2022,709,3845,1609,1062,7225,89,420,88,1,486,3193,3,0,28043184,27135553,16127698,99317,71190599,2942631,2852288,40885,148,1740458,1213673,764,0,6816,366,30,2,11,0
09/06/2022,758,5888,2089,1389,10124,59,520,79,3,521,5043,3,0,28044035,27141441,16129787,100706,71200723,2942690,2852808,40964,151,1740979,1218716,767,0,9342,454,40,2,286,0
10/06/2022,1221,9636,1947,1123,13927,55,611,61,1,1028,8666,6,0,28045276,27151077,16131734,101829,71214650,2942745,2853419,41025,152,1742007,1227382,773,0,12877,586,38,1,423,2
11/06/2022,861,10748,824,818,13251,37,443,48,2,721,8351,0,0,28046143,27161825,16132558,102647,71227901,2942782,2853862,41073,154,1742728,1235733,773,0,12021,1179,38,3,8,2
12/06/2022,1093,6540,693,527,8853,25,324,27,0,475,5955,1,0,28047236,27168365,16133251,103174,71236754,2942807,2854186,41100,154,1743203,1241688,774,0,8449,348,54,0,1,1
13/06/2022,445,5569,1276,944,8234,33,364,41,0,262,5000,4,0,28047686,27173934,16134527,104118,71244988,2942840,2854550,41141,154,1743465,1246688,778,0,7870,333,19,4,8,0
14/06/2022,768,4781,1671,1182,8402,36,348,52,2,377,4184,0,0,28048488,27178715,16136198,105300,71253390,2942877,2854898,41193,156,1743842,1250872,778,0,8005,313,43,1,40,0
15/06/2022,1330,6299,1282,1105,10016,36,379,32,1,340,5734,2,0,28049824,27185014,16137480,106405,71263406,2942914,2855277,41225,157,1744182,1256606,780,0,9695,265,46,3,7,0
16/06/2022,614,9682,1586,1130,13012,39,567,51,0,421,8846,7,0,28050507,27194696,16139066,107535,71276418,2942953,2855844,41276,157,1744603,1265452,787,0,12606,296,39,1,69,1
17/06/2022,938,14840,1275,1167,18220,30,676,44,0,783,13319,0,0,28051462,27209536,16140341,108702,71294638,2942983,2856520,41320,157,1745386,1278771,787,0,17814,368,18,3,17,0
18/06/2022,1230,13981,854,886,16951,22,546,28,1,709,13006,7,0,28052697,27223517,16141195,109588,71311589,2943005,2857066,41348,158,1746095,1291777,794,0,16537,356,51,1,6,0
19/06/2022,930,9119,545,448,11042,25,372,28,0,472,7306,3,0,28053628,27232636,16141740,110036,71322631,2943030,2857438,41376,158,1746567,1299083,797,0,10803,209,29,0,1,0
20/06/2022,603,5289,1291,866,8049,43,379,38,1,450,4696,3,0,28054234,27237925,16143031,110902,71330680,2943073,2857817,41414,159,1747017,1303779,800,0,7767,241,23,4,13,1
21/06/2022,733,5003,1358,1133,8227,53,370,35,1,558,4314,4,0,28054988,27242928,16144389,112035,71338907,2943126,2858187,41449,160,1747575,1308093,804,0,7903,257,36,3,22,6
22/06/2022,1166,6669,1364,1534,10733,58,381,41,0,963,5973,5,0,28056256,27249597,16145753,113569,71349640,2943184,2858568,41490,160,1748538,1314066,809,0,10257,298,36,6,134,2
23/06/2022,2430,8145,1439,2062,14076,94,483,38,0,1908,7476,9,0,28058688,27257742,16147192,115631,71363716,2943278,2859051,41528,160,1750446,1321542,818,0,13710,301,62,0,3,0
24/06/2022,2952,13550,1392,2403,20297,100,573,74,5,2338,12449,9,0,28061668,27271292,16148584,118034,71384013,2943379,2859624,41602,165,1752784,1333991,827,0,19670,515,79,2,30,1
25/06/2022,1283,9740,790,1827,13640,32,343,54,1,810,8125,5,0,28062952,27281032,16149374,119861,71397653,2943411,2859967,41656,166,1753594,1342116,832,0,13204,378,52,2,2,2
26/06/2022,875,5195,545,1391,8006,39,219,52,0,535,3848,1,0,28063828,27286227,16149919,121252,71405659,2943450,2860186,41708,166,1754129,1345964,833,0,7748,230,26,1,1,0
27/06/2022,326,2259,1024,2489,6098,37,234,36,1,213,1854,0,0,28064154,27288486,16150943,123741,71411757,2943487,2860420,41744,167,1754342,1347818,833,0,5682,332,76,5,1,2
28/06/2022,257,1753,1211,2760,5981,25,115,32,0,156,1505,0,0,28064413,27290239,16152154,126501,71417738,2943512,2860535,41776,167,1754498,1349323,833,0,5541,320,113,2,5,0
29/06/2022,340,1843,1124,2499,5806,26,140,35,2,159,1574,2,0,28064760,27292082,16153278,129000,71423544,2943538,2860675,41811,169,1754657,1350897,835,0,5482,242,73,0,9,0
30/06/2022,574,3451,1606,2922,8553,49,203,49,0,381,2849,2,0,28065509,27295533,16154884,131922,71432097,2943587,2860878,41860,169,1755038,1353746,837,0,7976,303,88,4,176,6
01/07/2022,1072,5271,1047,2633,10023,38,245,50,0,631,4794,1,0,28066582,27300804,16155931,134555,71442120,2943625,2861123,41910,169,1755669,1358540,838,0,9655,293,69,1,2,3
02/07/2022,1042,4980,621,2417,9060,30,206,55,1,535,4525,1,0,28067624,27305784,16156552,136972,71451180,2943655,2861329,41965,170,1756204,1363065,839,0,8710,283,60,6,0,1
03/07/2022,432,5257,688,1643,8020,14,162,75,0,344,3875,5,0,28068104,27311041,16157240,138615,71459200,2943671,2861491,42040,170,1756548,1366940,844,0,7681,163,103,0,72,1
04/07/2022,273,3527,1073,2466,7339,13,153,52,0,158,3069,5,0,28068510,27314568,16158313,141081,71466539,2943684,2861644,42092,170,1756706,1370009,849,0,6868,238,97,2,134,0
05/07/2022,560,4575,1062,2842,9039,23,206,40,0,145,4125,3,0,28069163,27319143,16159375,143923,71475578,2943708,2861850,42132,170,1756851,1374134,852,0,8604,222,88,5,113,7
06/07/2022,250,6721,1033,2815,10819,28,191,38,0,150,5415,1,0,28069503,27325864,16160408,146738,71486397,2943736,2862041,42170,170,1757001,1379549,853,0,10388,216,96,0,116,3
07/07/2022,632,10620,1304,3880,16436,38,470,64,1,239,9963,4,0,28070138,27336484,16161712,150618,71502833,2943774,2862511,42234,171,1757240,1389512,857,0,16007,255,153,2,19,0
08/07/2022,668,13346,1155,4589,19758,42,468,104,3,494,12480,13,0,28070807,27349830,16162867,155207,71522591,2943816,2862979,42338,174,1757734,1401992,870,0,19334,306,110,0,6,2
09/07/2022,415,6532,761,5110,12818,10,225,146,1,310,5724,6,0,28071222,27356362,16163628,160317,71535409,2943826,2863204,42484,175,1758044,1407716,876,0,12295,395,124,4,0,0
10/07/2022,482,1690,302,3179,5653,4,32,118,1,107,1172,3,0,28071704,27358052,16163930,163496,71541062,2943830,2863236,42602,176,1758151,1408888,879,0,5445,131,76,0,1,0
11/07/2022,97,1096,391,3689,5273,8,60,102,0,66,805,4,0,28071801,27359148,16164321,167185,71546335,2943838,2863296,42704,176,1758217,1409693,883,0,4989,177,107,0,0,0
12/07/2022,214,2457,995,7222,10888,21,110,120,3,122,2160,3,0,28072018,27361605,16165316,174407,71557223,2943859,2863406,42824,179,1758339,1411853,886,0,10237,428,211,2,3,7
13/07/2022,289,3510,1109,8415,13323,9,145,71,1,141,2898,3,0,28072318,27365115,16166425,182822,71570546,2943868,2863551,42895,180,1758480,1414751,889,0,12449,617,237,9,11,0
14/07/2022,686,4605,1578,10087,16956,34,209,97,1,177,4097,8,0,28073105,27369720,16168003,192909,71587502,2943902,2863760,42992,181,1758657,1418848,897,0,15992,550,308,1,104,1
15/07/2022,653,9697,1449,10909,22708,40,352,147,1,516,8654,8,0,28073763,27379417,16169452,203818,71610210,2943942,2864112,43139,182,1759173,1427502,905,0,21649,762,281,2,11,3
16/07/2022,589,9811,998,8325,19723,23,307,181,6,491,8804,16,0,28074379,27389228,16170450,212143,71629933,2943965,2864419,43320,188,1759664,1436306,921,0,18629,585,464,1,40,4
17/07/2022,461,6158,836,5703,13158,17,192,141,1,337,5294,2,0,28074840,27395386,16171286,217846,71643091,2943982,2864611,43461,189,1760001,1441600,923,0,12529,284,339,0,6,0
18/07/2022,323,3086,1418,8118,12945,13,122,97,2,232,2663,5,0,28075182,27398472,16172704,225964,71656036,2943995,2864733,43558,191,1760233,1444263,928,0,12017,509,288,2,129,0
19/07/2022,354,3371,1468,8783,13976,32,158,102,6,221,2925,4,0,28075539,27401843,16174172,234747,71670012,2944027,2864891,43660,197,1760454,1447188,932,0,13227,490,248,0,11,0
20/07/2022,275,3213,1450,10883,15821,16,131,81,3,152,2749,2,0,28076038,27405056,16175622,245630,71685833,2944043,2865022,43741,200,1760606,1449937,934,0,14662,597,311,0,249,2
21/07/2022,449,5631,1972,12143,20195,35,287,110,4,276,5150,4,0,28076491,27410687,16177594,257773,71706028,2944078,2865309,43851,204,1760882,1455087,938,0,19257,583,321,1,26,7
22/07/2022,660,9132,1506,11470,22768,37,314,155,4,488,8039,6,0,28077151,27419819,16179100,269243,71728796,2944115,2865623,44006,208,1761370,1463126,944,0,21896,483,356,1,25,7
23/07/2022,1031,8068,1052,8501,18652,29,263,155,3,452,6948,8,0,28078194,27427887,16180152,277744,71747448,2944144,2865886,44161,211,1761822,1470074,952,0,17825,433,359,3,32,0
24/07/2022,707,4583,785,6985,13060,14,179,129,3,309,4223,5,0,28078933,27432470,16180937,284729,71760508,2944158,2866065,44290,214,1762131,1474297,957,0,12519,239,241,3,56,2
25/07/2022,264,3311,1334,10208,15117,12,138,103,1,149,3004,8,0,28079219,27435781,16182271,294937,71775625,2944170,2866203,44393,215,1762280,1477301,965,0,14273,496,310,8,27,3
26/07/2022,337,4599,1417,10527,16880,14,180,76,5,218,3887,2,0,28079598,27440380,16183688,305464,71792505,2944184,2866383,44469,220,1762498,1481188,967,0,16128,413,249,8,72,10
27/07/2022,244,2517,1444,10061,14266,19,110,91,5,116,2039,11,0,28080060,27442897,16185132,315525,71806771,2944203,2866493,44560,225,1762614,1483227,978,0,13359,367,281,2,251,6
28/07/2022,409,4045,1936,10663,17053,32,233,88,3,252,3350,5,0,28080473,27446942,16187068,326188,71823824,2944236,2866726,44648,228,1762866,1486577,983,0,16283,412,338,6,10,4
29/07/2022,719,6525,1560,11112,19916,33,245,124,3,579,6029,6,0,28081198,27453467,16188628,337300,71843740,2944269,2866971,44772,231,1763445,1492606,989,0,19211,396,252,5,49,3
30/07/2022,414,3458,986,6206,11064,21,135,121,3,342,3191,25,0,28081612,27456925,16189614,343506,71854804,2944290,2867106,44893,234,1763787,1495797,1014,0,10535,317,205,2,5,0
31/07/2022,843,2884,681,4669,9077,28,119,79,0,226,2277,4,0,28082490,27459809,16190295,348175,71863881,2944318,2867225,44972,234,1764013,1498074,1018,0,8589,216,231,0,41,0
01/08/2022,206,1246,1050,6002,8504,18,70,27,0,115,809,2,0,28082697,27461055,16191345,354177,71872385,2944336,2867295,44999,234,1764128,1498883,1020,0,8187,269,1,5,40,2
02/08/2022,280,997,1184,6640,9101,19,43,48,2,95,758,0,0,28083058,27462052,16192529,360817,71881486,2944355,2867338,45047,236,1764223,1499641,1020,0,8739,265,2,5,84,6
03/08/2022,493,1184,1121,6449,9247,24,68,42,1,229,975,1,0,28083600,27463236,16193650,367266,71890733,2944379,2867406,45089,237,1764452,1500616,1021,0,8921,255,10,3,58,0
04/08/2022,420,2203,1386,6987,10996,19,112,54,2,280,1648,5,0,28084038,27465439,16195036,374253,71901729,2944398,2867518,45143,239,1764732,1502264,1026,0,10432,507,19,4,20,14
05/08/2022,509,2983,1309,7171,11972,31,140,72,3,376,2663,9,0,28084570,27468422,16196345,381424,71913701,2944429,2867658,45215,242,1765108,1504927,1035,0,11616,258,0,4,71,23
06/08/2022,978,2382,814,4319,8493,23,93,74,6,385,2167,11,0,28085548,27470804,16197159,385743,71922194,2944452,2867751,45289,248,1765493,1507094,1046,0,8192,295,0,3,0,3
07/08/2022,261,1212,640,2582,4695,8,45,62,1,170,1090,2,0,28085809,27472016,16197799,388325,71926889,2944460,2867796,45351,249,1765663,1508184,1048,0,4524,130,9,4,17,11
08/08/2022,249,713,963,4445,6370,29,59,34,1,126,552,2,0,28086059,27472729,16198762,392770,71933259,2944489,2867855,45385,250,1765789,1508736,1050,0,6144,207,2,5,4,8
09/08/2022,287,715,1203,4862,7067,28,60,26,1,138,523,0,0,28086393,27473444,16199965,397632,71940326,2944517,2867915,45411,251,1765927,1509259,1050,0,6793,209,1,3,59,2
10/08/2022,191,1086,980,4924,7181,18,43,24,1,72,611,5,0,28086925,27474530,16200945,402556,71947507,2944537,2867958,45435,252,1765999,1509870,1055,0,6654,180,0,4,343,0
11/08/2022,333,1387,1346,5179,8245,19,92,34,6,189,972,2,0,28087445,27475917,16202291,407735,71955752,2944556,2868050,45469,258,1766188,1510842,1057,0,7845,200,0,7,187,6
12/08/2022,610,1973,1172,5933,9688,25,83,56,2,433,1735,4,0,28088059,27477890,16203463,413668,71965440,2944581,2868133,45525,260,1766621,1512577,1061,0,9491,188,0,5,4,0
13/08/2022,626,2381,798,3367,7172,17,69,71,1,303,1424,2,0,28088834,27480271,16204261,417035,71972612,2944598,2868202,45596,261,1766924,1514001,1063,0,6790,177,1,2,201,1
14/08/2022,246,1406,630,2022,4304,16,73,43,2,193,992,30,0,28089080,27481677,16204891,419057,71976916,2944614,2868275,45639,263,1767117,1514993,1093,0,4200,100,0,2,2,0
15/08/2022,220,441,804,3084,4549,21,27,26,1,132,339,0,0,28089300,27482118,16205695,422141,71981465,2944635,2868302,45665,264,1767249,1515332,1093,0,4396,150,0,3,0,0
16/08/2022,201,612,984,3300,5097,13,49,34,2,51,461,0,0,28089501,27482730,16206679,425441,71986562,2944648,2868351,45699,266,1767300,1515793,1093,0,4944,146,1,2,0,4
17/08/2022,315,727,1094,3829,5965,17,40,24,2,120,550,1,0,28089816,27483457,16207773,429270,71992527,2944665,2868391,45723,268,1767420,1516343,1094,0,5769,188,0,4,0,4
18/08/2022,398,1795,1231,4179,7603,28,91,30,1,293,1599,4,0,28090214,27485252,16209004,433449,72000130,2944693,2868482,45753,269,1767713,1517942,1098,0,7416,165,0,3,0,19
19/08/2022,594,2636,1167,4791,9188,23,107,38,3,480,2394,3,0,28090808,27487888,16210171,438240,72009318,2944716,2868589,45791,272,1768193,1520336,1101,0,8980,147,1,5,0,55
20/08/2022,389,1408,731,2933,5461,9,61,64,5,320,1258,32,0,28091197,27489296,16210902,441173,72014779,2944725,2868650,45855,277,1768513,1521594,1133,0,5131,180,0,3,0,147
21/08/2022,243,1339,477,1334,3393,12,36,23,0,158,730,9,0,28091440,27490635,16211379,442507,72018172,2944737,2868686,45878,277,1768671,1522324,1142,0,3312,81,0,0,0,0
22/08/2022,284,461,976,2291,4012,15,33,29,1,80,340,0,0,28091725,27491096,16212355,444798,72022184,2944752,2868719,45907,278,1768751,1522664,1142,0,3871,136,0,4,1,0
23/08/2022,247,371,798,2813,4229,17,29,19,1,43,276,2,0,28091972,27491467,16213153,447611,72026413,2944769,2868748,45926,279,1768794,1522940,1144,0,4087,126,0,9,0,7
24/08/2022,258,427,941,3789,5415,13,35,30,0,81,283,0,0,28092230,27491894,16214094,451400,72031828,2944782,2868783,45956,279,1768875,1523223,1144,0,4553,87,0,0,0,775
25/08/2022,483,795,1062,2972,5312,21,37,34,1,227,650,1,0,28092713,27492689,16215156,454372,72037140,2944803,2868820,45990,280,1769102,1523873,1145,0,5176,112,0,2,0,22
26/08/2022,529,1294,925,3552,6300,25,62,28,4,253,1121,4,0,28093242,27493983,16216081,457924,72043440,2944828,2868882,46018,284,1769355,1524994,1149,0,6153,136,0,2,0,9
27/08/2022,334,1508,683,1920,4445,10,36,62,3,274,875,37,0,28093576,27495491,16216764,459844,72047885,2944838,2868918,46080,287,1769629,1525869,1186,0,4289,155,0,1,0,0
28/08/2022,207,662,535,973,2377,13,27,36,2,141,550,3,0,28093783,27496153,16217299,460817,72050262,2944851,2868945,46116,289,1769770,1526419,1189,0,2264,112,0,0,0,1
29/08/2022,222,294,871,1939,3326,8,28,10,0,93,188,0,0,28094005,27496447,16218170,462756,72053588,2944859,2868973,46126,289,1769863,1526607,1189,0,3221,98,0,7,0,0
30/08/2022,149,257,753,2761,3920,12,29,17,1,23,142,0,0,28094154,27496704,16218923,465517,72057508,2944871,2869002,46143,290,1769886,1526749,1189,0,3822,97,0,1,0,0
31/08/2022,72,246,236,879,1433,7,12,21,2,39,193,0,0,28094227,27496950,16219159,466396,72058941,2944878,2869014,46164,292,1769925,1526942,1189,0,1378,48,0,0,1,6
01/09/2022,286,419,898,2218,3821,21,27,19,0,119,274,2,0,28094514,27497369,16220057,468614,72062762,2944899,2869041,46183,292,1770044,1527216,1191,0,3684,131,0,4,1,1
02/09/2022,515,766,910,2867,5058,12,36,32,0,182,619,1,0,28095029,27498135,16220967,471481,72067820,2944911,2869077,46215,292,1770226,1527835,1192,0,4929,126,0,2,0,1
03/09/2022,275,621,490,1335,2721,10,50,52,0,204,478,41,0,28095304,27498756,16221457,472816,72070541,2944921,2869127,46267,292,1770430,1528313,1233,0,2568,152,0,1,0,0
04/09/2022,184,331,360,621,1496,6,29,43,0,115,280,0,0,28095488,27499087,16221817,473437,72072037,2944927,2869156,46310,292,1770545,1528593,1233,0,1429,67,0,0,0,0
05/09/2022,321,212,544,1239,2316,18,34,40,1,61,136,0,0,28095809,27499299,16222361,474676,72074353,2944945,2869190,46350,293,1770606,1528729,1233,0,2199,113,0,4,0,0
06/09/2022,540,246,637,1309,2732,18,28,44,3,50,152,0,0,28096349,27499545,16222998,475985,72077085,2944963,2869218,46394,296,1770656,1528881,1233,0,2598,106,0,2,0,26
07/09/2022,618,293,721,1520,3152,16,35,39,1,98,147,1,0,28096967,27499838,16223719,477505,72080237,2944979,2869253,46433,297,1770754,1529028,1234,0,3038,111,0,3,0,0
08/09/2022,411,447,952,2773,4583,33,40,60,8,196,330,6,0,28097378,27500285,16224671,480278,72084820,2945012,2869293,46493,305,1770950,1529358,1240,0,4453,99,0,2,0,29
09/09/2022,476,825,672,2172,4145,23,44,38,0,243,651,2,0,28097854,27501110,16225343,482450,72088965,2945035,2869337,46531,305,1771193,1530009,1242,0,4014,123,0,8,0,0
10/09/2022,318,643,353,1129,2443,14,26,24,0,245,550,10,0,28098172,27501753,16225696,483579,72091408,2945049,2869363,46555,305,1771438,1530559,1252,0,2346,97,0,0,0,0
11/09/2022,131,348,276,606,1361,5,13,12,1,104,294,2,0,28098303,27502101,16225972,484185,72092769,2945054,2869376,46567,306,1771542,1530853,1254,0,1293,66,0,2,0,0
12/09/2022,103,219,485,978,1785,4,18,16,2,51,128,1,0,28098406,27502320,16226457,485163,72094554,2945058,2869394,46583,308,1771593,1530981,1255,0,1674,106,0,4,0,1
13/09/2022,149,334,703,1327,2513,8,25,15,0,67,223,6,0,28098556,27502654,16227160,486490,72097067,2945066,2869419,46598,308,1771660,1531204,1261,0,2415,93,0,4,1,0
14/09/2022,153,266,695,1427,2541,16,17,21,1,62,93,0,0,28098709,27502920,16227855,487917,72099608,2945082,2869436,46619,309,1771722,1531297,1261,0,2446,94,1,0,0,0
15/09/2022,321,502,1047,2093,3963,14,34,33,0,245,348,1,0,28099030,27503422,16228902,490010,72103571,2945096,2869470,46652,309,1771967,1531645,1262,0,3784,116,0,4,0,59
16/09/2022,174,324,294,561,1353,3,14,59,1,145,277,37,0,28099204,27503746,16229196,490571,72104924,2945099,2869484,46711,310,1772112,1531922,1299,0,1297,56,0,0,0,0
17/09/2022,223,533,314,731,1801,5,22,17,0,161,447,1,0,28099427,27504279,16229510,491302,72106725,2945104,2869506,46728,310,1772273,1532369,1300,0,1725,76,0,0,0,0
18/09/2022,110,271,195,380,956,3,18,19,0,77,211,2,0,28099537,27504550,16229705,491682,72107681,2945107,2869524,46747,310,1772350,1532580,1302,0,892,62,0,1,0,1
19/09/2022,108,203,487,770,1568,11,14,11,0,45,123,0,0,28099645,27504753,16230192,492452,72109249,2945118,2869538,46758,310,1772395,1532703,1302,0,1477,90,1,0,0,0
20/09/2022,163,247,739,1233,2382,7,25,164,3,55,166,0,0,28099808,27505000,16230931,493685,72111631,2945125,2869563,46922,313,1772450,1532869,1302,0,2273,80,0,5,0,24
21/09/2022,104,271,528,1124,2027,11,16,11,1,31,183,1,0,28099912,27505271,16231459,494809,72113658,2945136,2869579,46933,314,1772481,1533052,1303,0,1935,83,0,3,0,6
22/09/2022,273,429,1000,1431,3133,13,32,13,1,118,295,0,0,28100185,27505700,16232459,496240,72116791,2945149,2869611,46946,315,1772599,1533347,1303,0,2982,145,0,0,0,6
23/09/2022,396,833,664,2006,3899,27,29,17,0,289,698,1,0,28100581,27506533,16233123,498246,72120690,2945176,2869640,46963,315,1772888,1534045,1304,0,3804,88,0,1,0,6
24/09/2022,212,553,497,1043,2305,6,22,82,1,158,459,60,0,28100793,27507086,16233620,499289,72122995,2945182,2869662,47045,316,1773046,1534504,1364,0,2200,94,0,7,0,4
25/09/2022,143,314,285,439,1181,5,21,13,0,113,266,0,0,28100936,27507400,16233905,499728,72124176,2945187,2869683,47058,316,1773159,1534770,1364,0,1128,47,0,5,0,1
26/09/2022,84,161,431,714,1390,9,13,15,1,45,97,0,0,28101020,27507561,16234336,500442,72125566,2945196,2869696,47073,317,1773204,1534867,1364,0,1301,86,0,0,0,3