date,vaccine_type,vaccine_count
24/02/2021,pfizer,66
24/02/2021,sinovac,2
24/02/2021,astra,0
24/02/2021,sinopharm,0
24/02/2021,cansino,0
25/02/2021,pfizer,1146
25/02/2021,sinovac,2
25/02/2021,astra,0
25/02/2021,sinopharm,0
25/02/2021,cansino,0
26/02/2021,pfizer,4096
26/02/2021,sinovac,2
26/02/2021,astra,1
26/02/2021,sinopharm,0
26/02/2021,cansino,0
27/02/2021,pfizer,6700
27/02/2021,sinovac,6
27/02/2021,astra,0
27/02/2021,sinopharm,0
27/02/2021,cansino,0
28/02/2021,pfizer,6718
28/02/2021,sinovac,4
28/02/2021,astra,0
28/02/2021,sinopharm,0
28/02/2021,cansino,0
01/03/2021,pfizer,15393
01/03/2021,sinovac,2
01/03/2021,astra,0
01/03/2021,sinopharm,0
01/03/2021,cansino,0
02/03/2021,pfizer,21688
02/03/2021,sinovac,2
02/03/2021,astra,0
02/03/2021,sinopharm,0
02/03/2021,cansino,0
03/03/2021,pfizer,22688
03/03/2021,sinovac,4
03/03/2021,astra,0
03/03/2021,sinopharm,0
03/03/2021,cansino,0
04/03/2021,pfizer,19515
04/03/2021,sinovac,7
04/03/2021,astra,0
04/03/2021,sinopharm,0
04/03/2021,cansino,0
05/03/2021,pfizer,14371
05/03/2021,sinovac,4
05/03/2021,astra,0
05/03/2021,sinopharm,0
05/03/2021,cansino,0
06/03/2021,pfizer,15597
06/03/2021,sinovac,204
06/03/2021,astra,0
06/03/2021,sinopharm,0
06/03/2021,cansino,0
07/03/2021,pfizer,12580
07/03/2021,sinovac,5
07/03/2021,astra,0
07/03/2021,sinopharm,0
07/03/2021,cansino,0
08/03/2021,pfizer,27203
08/03/2021,sinovac,17
08/03/2021,astra,0
08/03/2021,sinopharm,0
08/03/2021,cansino,0
09/03/2021,pfizer,30043
09/03/2021,sinovac,85
09/03/2021,astra,0
09/03/2021,sinopharm,0
09/03/2021,cansino,0
10/03/2021,pfizer,28778
10/03/2021,sinovac,5
10/03/2021,astra,1
10/03/2021,sinopharm,0
10/03/2021,cansino,0
11/03/2021,pfizer,26512
11/03/2021,sinovac,4
11/03/2021,astra,0
11/03/2021,sinopharm,0
11/03/2021,cansino,4
12/03/2021,pfizer,26125
12/03/2021,sinovac,6
12/03/2021,astra,0
12/03/2021,sinopharm,0
12/03/2021,cansino,0
13/03/2021,pfizer,17056
13/03/2021,sinovac,2
13/03/2021,astra,0
13/03/2021,sinopharm,0
13/03/2021,cansino,0
14/03/2021,pfizer,10311
14/03/2021,sinovac,4
14/03/2021,astra,0
14/03/2021,sinopharm,0
14/03/2021,cansino,0
15/03/2021,pfizer,20178
15/03/2021,sinovac,2
15/03/2021,astra,0
15/03/2021,sinopharm,0
15/03/2021,cansino,0
16/03/2021,pfizer,25359
16/03/2021,sinovac,3
16/03/2021,astra,0
16/03/2021,sinopharm,0
16/03/2021,cansino,1
17/03/2021,pfizer,20859
17/03/2021,sinovac,4
17/03/2021,astra,0
17/03/2021,sinopharm,0
17/03/2021,cansino,0
18/03/2021,pfizer,18097
18/03/2021,sinovac,14
18/03/2021,astra,0
18/03/2021,sinopharm,0
18/03/2021,cansino,0
19/03/2021,pfizer,14576
19/03/2021,sinovac,2
19/03/2021,astra,0
19/03/2021,sinopharm,0
19/03/2021,cansino,0
20/03/2021,pfizer,13809
20/03/2021,sinovac,2
20/03/2021,astra,0
20/03/2021,sinopharm,0
20/03/2021,cansino,0
21/03/2021,pfizer,15554
21/03/2021,sinovac,3
21/03/2021,astra,0
21/03/2021,sinopharm,0
21/03/2021,cansino,0
22/03/2021,pfizer,24294
22/03/2021,sinovac,4
22/03/2021,astra,0
22/03/2021,sinopharm,0
22/03/2021,cansino,0
23/03/2021,pfizer,29176
23/03/2021,sinovac,3
23/03/2021,astra,0
23/03/2021,sinopharm,0
23/03/2021,cansino,0
24/03/2021,pfizer,29113
24/03/2021,sinovac,2
24/03/2021,astra,0
24/03/2021,sinopharm,0
24/03/2021,cansino,0
25/03/2021,pfizer,25717
25/03/2021,sinovac,83
25/03/2021,astra,0
25/03/2021,sinopharm,0
25/03/2021,cansino,0
26/03/2021,pfizer,16566
26/03/2021,sinovac,172
26/03/2021,astra,0
26/03/2021,sinopharm,0
26/03/2021,cansino,0
27/03/2021,pfizer,15665
27/03/2021,sinovac,481
27/03/2021,astra,0
27/03/2021,sinopharm,0
27/03/2021,cansino,0
28/03/2021,pfizer,16327
28/03/2021,sinovac,276
28/03/2021,astra,0
28/03/2021,sinopharm,0
28/03/2021,cansino,0
29/03/2021,pfizer,33683
29/03/2021,sinovac,1556
29/03/2021,astra,0
29/03/2021,sinopharm,0
29/03/2021,cansino,0
30/03/2021,pfizer,38777
30/03/2021,sinovac,2159
30/03/2021,astra,0
30/03/2021,sinopharm,0
30/03/2021,cansino,0
31/03/2021,pfizer,34106
31/03/2021,sinovac,3347
31/03/2021,astra,0
31/03/2021,sinopharm,0
31/03/2021,cansino,0
01/04/2021,pfizer,37740
01/04/2021,sinovac,4701
01/04/2021,astra,0
01/04/2021,sinopharm,0
01/04/2021,cansino,0
02/04/2021,pfizer,26830
02/04/2021,sinovac,3657
02/04/2021,astra,0
02/04/2021,sinopharm,0
02/04/2021,cansino,0
03/04/2021,pfizer,16268
03/04/2021,sinovac,1147
03/04/2021,astra,0
03/04/2021,sinopharm,0
03/04/2021,cansino,0
04/04/2021,pfizer,12314
04/04/2021,sinovac,2813
04/04/2021,astra,0
04/04/2021,sinopharm,0
04/04/2021,cansino,0
05/04/2021,pfizer,23515
05/04/2021,sinovac,4984
05/04/2021,astra,0
05/04/2021,sinopharm,0
05/04/2021,cansino,0
06/04/2021,pfizer,28164
06/04/2021,sinovac,4448
06/04/2021,astra,0
06/04/2021,sinopharm,0
06/04/2021,cansino,0
07/04/2021,pfizer,24780
07/04/2021,sinovac,6272
07/04/2021,astra,0
07/04/2021,sinopharm,0
07/04/2021,cansino,0
08/04/2021,pfizer,20671
08/04/2021,sinovac,6231
08/04/2021,astra,0
08/04/2021,sinopharm,0
08/04/2021,cansino,0
09/04/2021,pfizer,18739
09/04/2021,sinovac,2885
09/04/2021,astra,0
09/04/2021,sinopharm,0
09/04/2021,cansino,3
10/04/2021,pfizer,13883
10/04/2021,sinovac,1860
10/04/2021,astra,0
10/04/2021,sinopharm,0
10/04/2021,cansino,0
11/04/2021,pfizer,20930
11/04/2021,sinovac,2266
11/04/2021,astra,0
11/04/2021,sinopharm,0
11/04/2021,cansino,0
12/04/2021,pfizer,36543
12/04/2021,sinovac,2791
12/04/2021,astra,0
12/04/2021,sinopharm,0
12/04/2021,cansino,0
13/04/2021,pfizer,19823
13/04/2021,sinovac,4694
13/04/2021,astra,0
13/04/2021,sinopharm,0
13/04/2021,cansino,0
14/04/2021,pfizer,25279
14/04/2021,sinovac,3422
14/04/2021,astra,0
14/04/2021,sinopharm,0
14/04/2021,cansino,0
15/04/2021,pfizer,23016
15/04/2021,sinovac,4259
15/04/2021,astra,0
15/04/2021,sinopharm,0
15/04/2021,cansino,0
16/04/2021,pfizer,16194
16/04/2021,sinovac,3363
16/04/2021,astra,0
16/04/2021,sinopharm,0
16/04/2021,cansino,0
17/04/2021,pfizer,7685
17/04/2021,sinovac,2005
17/04/2021,astra,0
17/04/2021,sinopharm,0
17/04/2021,cansino,0
18/04/2021,pfizer,8960
18/04/2021,sinovac,964
18/04/2021,astra,0
18/04/2021,sinopharm,0
18/04/2021,cansino,0
19/04/2021,pfizer,30107
19/04/2021,sinovac,3060
19/04/2021,astra,1
19/04/2021,sinopharm,0
19/04/2021,cansino,0
20/04/2021,pfizer,27871
20/04/2021,sinovac,5503
20/04/2021,astra,0
20/04/2021,sinopharm,0
20/04/2021,cansino,0
21/04/2021,pfizer,22705
21/04/2021,sinovac,5018
21/04/2021,astra,0
21/04/2021,sinopharm,0
21/04/2021,cansino,0
22/04/2021,pfizer,24077
22/04/2021,sinovac,5497
22/04/2021,astra,0
22/04/2021,sinopharm,0
22/04/2021,cansino,0
23/04/2021,pfizer,15036
23/04/2021,sinovac,3881
23/04/2021,astra,0
23/04/2021,sinopharm,0
23/04/2021,cansino,0
24/04/2021,pfizer,9599
24/04/2021,sinovac,1784
24/04/2021,astra,0
24/04/2021,sinopharm,0
24/04/2021,cansino,0
25/04/2021,pfizer,12284
25/04/2021,sinovac,2568
25/04/2021,astra,0
25/04/2021,sinopharm,0
25/04/2021,cansino,0
26/04/2021,pfizer,25115
26/04/2021,sinovac,5202
26/04/2021,astra,0
26/04/2021,sinopharm,0
26/04/2021,cansino,0
27/04/2021,pfizer,28771
27/04/2021,sinovac,5951
27/04/2021,astra,0
27/04/2021,sinopharm,0
27/04/2021,cansino,0
28/04/2021,pfizer,31298
28/04/2021,sinovac,8439
28/04/2021,astra,0
28/04/2021,sinopharm,0
28/04/2021,cansino,0
29/04/2021,pfizer,9509
29/04/2021,sinovac,3030
29/04/2021,astra,0
29/04/2021,sinopharm,0
29/04/2021,cansino,0
30/04/2021,pfizer,22983
30/04/2021,sinovac,3736
30/04/2021,astra,0
30/04/2021,sinopharm,0
30/04/2021,cansino,0
01/05/2021,pfizer,4917
01/05/2021,sinovac,586
01/05/2021,astra,0
01/05/2021,sinopharm,0
01/05/2021,cansino,0
02/05/2021,pfizer,13990
02/05/2021,sinovac,1792
02/05/2021,astra,0
02/05/2021,sinopharm,0
02/05/2021,cansino,0
03/05/2021,pfizer,45052
03/05/2021,sinovac,5519
03/05/2021,astra,718
03/05/2021,sinopharm,0
03/05/2021,cansino,0
04/05/2021,pfizer,42365
04/05/2021,sinovac,7482
04/05/2021,astra,2
04/05/2021,sinopharm,0
04/05/2021,cansino,0
05/05/2021,pfizer,41929
05/05/2021,sinovac,8512
05/05/2021,astra,4607
05/05/2021,sinopharm,0
05/05/2021,cansino,1
06/05/2021,pfizer,40098
06/05/2021,sinovac,12199
06/05/2021,astra,3585
06/05/2021,sinopharm,0
06/05/2021,cansino,0
07/05/2021,pfizer,28691
07/05/2021,sinovac,15583
07/05/2021,astra,3587
07/05/2021,sinopharm,0
07/05/2021,cansino,0
08/05/2021,pfizer,19470
08/05/2021,sinovac,4044
08/05/2021,astra,3650
08/05/2021,sinopharm,0
08/05/2021,cansino,0
09/05/2021,pfizer,23182
09/05/2021,sinovac,5745
09/05/2021,astra,3604
09/05/2021,sinopharm,0
09/05/2021,cansino,2
10/05/2021,pfizer,48023
10/05/2021,sinovac,10045
10/05/2021,astra,3560
10/05/2021,sinopharm,0
10/05/2021,cansino,0
11/05/2021,pfizer,38141
11/05/2021,sinovac,7218
11/05/2021,astra,3649
11/05/2021,sinopharm,0
11/05/2021,cansino,0
12/05/2021,pfizer,12975
12/05/2021,sinovac,1740
12/05/2021,astra,3465
12/05/2021,sinopharm,0
12/05/2021,cansino,0
13/05/2021,pfizer,6
13/05/2021,sinovac,117
13/05/2021,astra,0
13/05/2021,sinopharm,0
13/05/2021,cansino,0
14/05/2021,pfizer,1
14/05/2021,sinovac,69
14/05/2021,astra,0
14/05/2021,sinopharm,0
14/05/2021,cansino,0
15/05/2021,pfizer,1039
15/05/2021,sinovac,159
15/05/2021,astra,9782
15/05/2021,sinopharm,0
15/05/2021,cansino,0
16/05/2021,pfizer,214
16/05/2021,sinovac,139
16/05/2021,astra,10015
16/05/2021,sinopharm,0
16/05/2021,cansino,0
17/05/2021,pfizer,46790
17/05/2021,sinovac,3426
17/05/2021,astra,10516
17/05/2021,sinopharm,0
17/05/2021,cansino,0
18/05/2021,pfizer,60666
18/05/2021,sinovac,7067
18/05/2021,astra,10547
18/05/2021,sinopharm,0
18/05/2021,cansino,0
19/05/2021,pfizer,62695
19/05/2021,sinovac,11132
19/05/2021,astra,10581
19/05/2021,sinopharm,0
19/05/2021,cansino,0
20/05/2021,pfizer,53782
20/05/2021,sinovac,16450
20/05/2021,astra,11111
20/05/2021,sinopharm,0
20/05/2021,cansino,0
21/05/2021,pfizer,37385
21/05/2021,sinovac,12737
21/05/2021,astra,11071
21/05/2021,sinopharm,0
21/05/2021,cansino,0
22/05/2021,pfizer,16607
22/05/2021,sinovac,20558
22/05/2021,astra,9458
22/05/2021,sinopharm,0
22/05/2021,cansino,0
23/05/2021,pfizer,19426
23/05/2021,sinovac,16469
23/05/2021,astra,10588
23/05/2021,sinopharm,0
23/05/2021,cansino,0
24/05/2021,pfizer,50179
24/05/2021,sinovac,32365
24/05/2021,astra,13408
24/05/2021,sinopharm,0
24/05/2021,cansino,0
25/05/2021,pfizer,51672
25/05/2021,sinovac,35738
25/05/2021,astra,13309
25/05/2021,sinopharm,0
25/05/2021,cansino,0
26/05/2021,pfizer,4276
26/05/2021,sinovac,4419
26/05/2021,astra,13765
26/05/2021,sinopharm,0
26/05/2021,cansino,0
27/05/2021,pfizer,60760
27/05/2021,sinovac,34491
27/05/2021,astra,13374
27/05/2021,sinopharm,0
27/05/2021,cansino,0
28/05/2021,pfizer,33346
28/05/2021,sinovac,27805
28/05/2021,astra,13470
28/05/2021,sinopharm,0
28/05/2021,cansino,0
29/05/2021,pfizer,30125
29/05/2021,sinovac,22545
29/05/2021,astra,13571
29/05/2021,sinopharm,0
29/05/2021,cansino,0
30/05/2021,pfizer,26922
30/05/2021,sinovac,22620
30/05/2021,astra,13341
30/05/2021,sinopharm,0
30/05/2021,cansino,0
31/05/2021,pfizer,48982
31/05/2021,sinovac,33843
31/05/2021,astra,13601
31/05/2021,sinopharm,0
31/05/2021,cansino,0
01/06/2021,pfizer,52006
01/06/2021,sinovac,33927
01/06/2021,astra,14058
01/06/2021,sinopharm,0
01/06/2021,cansino,0
02/06/2021,pfizer,44287
02/06/2021,sinovac,48176
02/06/2021,astra,14547
02/06/2021,sinopharm,0
02/06/2021,cansino,0
03/06/2021,pfizer,42176
03/06/2021,sinovac,62379
03/06/2021,astra,14821
03/06/2021,sinopharm,0
03/06/2021,cansino,0
04/06/2021,pfizer,30345
04/06/2021,sinovac,45331
04/06/2021,astra,15826
04/06/2021,sinopharm,0
04/06/2021,cansino,0
05/06/2021,pfizer,35552
05/06/2021,sinovac,22808
05/06/2021,astra,15299
05/06/2021,sinopharm,0
05/06/2021,cansino,0
06/06/2021,pfizer,40188
06/06/2021,sinovac,28592
06/06/2021,astra,14049
06/06/2021,sinopharm,0
06/06/2021,cansino,0
07/06/2021,pfizer,14873
07/06/2021,sinovac,32818
07/06/2021,astra,18270
07/06/2021,sinopharm,0
07/06/2021,cansino,0
08/06/2021,pfizer,92657
08/06/2021,sinovac,41669
08/06/2021,astra,20659
08/06/2021,sinopharm,0
08/06/2021,cansino,0
09/06/2021,pfizer,93082
09/06/2021,sinovac,48162
09/06/2021,astra,15954
09/06/2021,sinopharm,0
09/06/2021,cansino,0
10/06/2021,pfizer,85026
10/06/2021,sinovac,54658
10/06/2021,astra,21678
10/06/2021,sinopharm,0
10/06/2021,cansino,1
11/06/2021,pfizer,49703
11/06/2021,sinovac,52296
11/06/2021,astra,24428
11/06/2021,sinopharm,0
11/06/2021,cansino,0
12/06/2021,pfizer,54679
12/06/2021,sinovac,62295
12/06/2021,astra,20599
12/06/2021,sinopharm,0
12/06/2021,cansino,0
13/06/2021,pfizer,55718
13/06/2021,sinovac,54570
13/06/2021,astra,21739
13/06/2021,sinopharm,0
13/06/2021,cansino,0
14/06/2021,pfizer,80204
14/06/2021,sinovac,98745
14/06/2021,astra,25053
14/06/2021,sinopharm,0
14/06/2021,cansino,0
15/06/2021,pfizer,83995
15/06/2021,sinovac,114667
15/06/2021,astra,24447
15/06/2021,sinopharm,0
15/06/2021,cansino,0
16/06/2021,pfizer,74256
16/06/2021,sinovac,116317
16/06/2021,astra,23893
16/06/2021,sinopharm,0
16/06/2021,cansino,0
17/06/2021,pfizer,78549
17/06/2021,sinovac,125250
17/06/2021,astra,25755
17/06/2021,sinopharm,0
17/06/2021,cansino,0
18/06/2021,pfizer,55441
18/06/2021,sinovac,104998
18/06/2021,astra,25270
18/06/2021,sinopharm,0
18/06/2021,cansino,0
19/06/2021,pfizer,68368
19/06/2021,sinovac,83966
19/06/2021,astra,19864
19/06/2021,sinopharm,0
19/06/2021,cansino,0
20/06/2021,pfizer,46388
20/06/2021,sinovac,81321
20/06/2021,astra,19017
20/06/2021,sinopharm,0
20/06/2021,cansino,0
21/06/2021,pfizer,72944
21/06/2021,sinovac,146860
21/06/2021,astra,25806
21/06/2021,sinopharm,2
21/06/2021,cansino,0
22/06/2021,pfizer,79226
22/06/2021,sinovac,157469
22/06/2021,astra,23596
22/06/2021,sinopharm,0
22/06/2021,cansino,0
23/06/2021,pfizer,74072
23/06/2021,sinovac,168309
23/06/2021,astra,22995
23/06/2021,sinopharm,0
23/06/2021,cansino,0
24/06/2021,pfizer,70608
24/06/2021,sinovac,184139
24/06/2021,astra,23054
24/06/2021,sinopharm,0
24/06/2021,cansino,0
25/06/2021,pfizer,55228
25/06/2021,sinovac,145983
25/06/2021,astra,21953
25/06/2021,sinopharm,0
25/06/2021,cansino,0
26/06/2021,pfizer,68519
26/06/2021,sinovac,112014
26/06/2021,astra,18343
26/06/2021,sinopharm,0
26/06/2021,cansino,1
27/06/2021,pfizer,60983
27/06/2021,sinovac,100511
27/06/2021,astra,16475
27/06/2021,sinopharm,0
27/06/2021,cansino,0
28/06/2021,pfizer,53317
28/06/2021,sinovac,135908
28/06/2021,astra,20850
28/06/2021,sinopharm,0
28/06/2021,cansino,0
29/06/2021,pfizer,80533
29/06/2021,sinovac,142812
29/06/2021,astra,20994
29/06/2021,sinopharm,0
29/06/2021,cansino,0
30/06/2021,pfizer,86457
30/06/2021,sinovac,163055
30/06/2021,astra,21312
30/06/2021,sinopharm,0
30/06/2021,cansino,0
01/07/2021,pfizer,74999
01/07/2021,sinovac,173942
01/07/2021,astra,21420
01/07/2021,sinopharm,0
01/07/2021,cansino,1
02/07/2021,pfizer,58385
02/07/2021,sinovac,160508
02/07/2021,astra,22026
02/07/2021,sinopharm,0
02/07/2021,cansino,0
03/07/2021,pfizer,64840
03/07/2021,sinovac,140714
03/07/2021,astra,18631
03/07/2021,sinopharm,0
03/07/2021,cansino,0
04/07/2021,pfizer,69865
04/07/2021,sinovac,127070
04/07/2021,astra,18945
04/07/2021,sinopharm,0
04/07/2021,cansino,0
05/07/2021,pfizer,88790
05/07/2021,sinovac,216920
05/07/2021,astra,22354
05/07/2021,sinopharm,0
05/07/2021,cansino,0
06/07/2021,pfizer,95914
06/07/2021,sinovac,238636
06/07/2021,astra,21816
06/07/2021,sinopharm,0
06/07/2021,cansino,0
07/07/2021,pfizer,103016
07/07/2021,sinovac,266416
07/07/2021,astra,25939
07/07/2021,sinopharm,0
07/07/2021,cansino,0
08/07/2021,pfizer,99444
08/07/2021,sinovac,266225
08/07/2021,astra,24982
08/07/2021,sinopharm,0
08/07/2021,cansino,0
09/07/2021,pfizer,84394
09/07/2021,sinovac,240719
09/07/2021,astra,25381
09/07/2021,sinopharm,0
09/07/2021,cansino,0
10/07/2021,pfizer,101281
10/07/2021,sinovac,213305
10/07/2021,astra,21981
10/07/2021,sinopharm,0
10/07/2021,cansino,0
11/07/2021,pfizer,88273
11/07/2021,sinovac,188137
11/07/2021,astra,21819
11/07/2021,sinopharm,0
11/07/2021,cansino,0
12/07/2021,pfizer,120492
12/07/2021,sinovac,289907
12/07/2021,astra,24539
12/07/2021,sinopharm,0
12/07/2021,cansino,0
13/07/2021,pfizer,116926
13/07/2021,sinovac,300918
13/07/2021,astra,22126
13/07/2021,sinopharm,0
13/07/2021,cansino,0
14/07/2021,pfizer,122061
14/07/2021,sinovac,312897
14/07/2021,astra,24402
14/07/2021,sinopharm,0
14/07/2021,cansino,0
15/07/2021,pfizer,137971
15/07/2021,sinovac,317740
15/07/2021,astra,23407
15/07/2021,sinopharm,0
15/07/2021,cansino,0
16/07/2021,pfizer,128016
16/07/2021,sinovac,267311
16/07/2021,astra,22656
16/07/2021,sinopharm,0
16/07/2021,cansino,0
17/07/2021,pfizer,132347
17/07/2021,sinovac,236763
17/07/2021,astra,28030
17/07/2021,sinopharm,0
17/07/2021,cansino,0
18/07/2021,pfizer,123529
18/07/2021,sinovac,204100
18/07/2021,astra,28872
18/07/2021,sinopharm,0
18/07/2021,cansino,0
19/07/2021,pfizer,168850
19/07/2021,sinovac,242679
19/07/2021,astra,31673
19/07/2021,sinopharm,0
19/07/2021,cansino,0
20/07/2021,pfizer,83345
20/07/2021,sinovac,199656
20/07/2021,astra,29006
20/07/2021,sinopharm,0
20/07/2021,cansino,0
21/07/2021,pfizer,156738
21/07/2021,sinovac,272285
21/07/2021,astra,30473
21/07/2021,sinopharm,0
21/07/2021,cansino,0
22/07/2021,pfizer,203977
22/07/2021,sinovac,285074
22/07/2021,astra,31291
22/07/2021,sinopharm,1
22/07/2021,cansino,0
23/07/2021,pfizer,180692
23/07/2021,sinovac,268194
23/07/2021,astra,30401
23/07/2021,sinopharm,0
23/07/2021,cansino,0
24/07/2021,pfizer,175684
24/07/2021,sinovac,231201
24/07/2021,astra,26702
24/07/2021,sinopharm,0
24/07/2021,cansino,0
25/07/2021,pfizer,165170
25/07/2021,sinovac,223906
25/07/2021,astra,28449
25/07/2021,sinopharm,0
25/07/2021,cansino,0
26/07/2021,pfizer,227456
26/07/2021,sinovac,279895
26/07/2021,astra,31141
26/07/2021,sinopharm,0
26/07/2021,cansino,0
27/07/2021,pfizer,253040
27/07/2021,sinovac,288151
27/07/2021,astra,31338
27/07/2021,sinopharm,0
27/07/2021,cansino,0
28/07/2021,pfizer,245196
28/07/2021,sinovac,311868
28/07/2021,astra,25700
28/07/2021,sinopharm,0
28/07/2021,cansino,2
29/07/2021,pfizer,255079
29/07/2021,sinovac,299769
29/07/2021,astra,26963
29/07/2021,sinopharm,0
29/07/2021,cansino,4
30/07/2021,pfizer,211840
30/07/2021,sinovac,296281
30/07/2021,astra,28122
30/07/2021,sinopharm,1
30/07/2021,cansino,0
31/07/2021,pfizer,220195
31/07/2021,sinovac,296387
31/07/2021,astra,27306
31/07/2021,sinopharm,0
31/07/2021,cansino,2
01/08/2021,pfizer,205254
01/08/2021,sinovac,265402
01/08/2021,astra,25596
01/08/2021,sinopharm,0
01/08/2021,cansino,2
02/08/2021,pfizer,228822
02/08/2021,sinovac,243416
02/08/2021,astra,17075
02/08/2021,sinopharm,0
02/08/2021,cansino,0
03/08/2021,pfizer,247827
03/08/2021,sinovac,239967
03/08/2021,astra,17316
03/08/2021,sinopharm,0
03/08/2021,cansino,1
04/08/2021,pfizer,258519
04/08/2021,sinovac,239922
04/08/2021,astra,18048
04/08/2021,sinopharm,0
04/08/2021,cansino,1
05/08/2021,pfizer,264309
05/08/2021,sinovac,256781
05/08/2021,astra,18009
05/08/2021,sinopharm,0
05/08/2021,cansino,1
06/08/2021,pfizer,219282
06/08/2021,sinovac,222946
06/08/2021,astra,29327
06/08/2021,sinopharm,0
06/08/2021,cansino,1
07/08/2021,pfizer,199466
07/08/2021,sinovac,216128
07/08/2021,astra,36866
07/08/2021,sinopharm,0
07/08/2021,cansino,1
08/08/2021,pfizer,173839
08/08/2021,sinovac,200238
08/08/2021,astra,38079
08/08/2021,sinopharm,0
08/08/2021,cansino,1
09/08/2021,pfizer,227654
09/08/2021,sinovac,203198
09/08/2021,astra,57507
09/08/2021,sinopharm,0
09/08/2021,cansino,4
10/08/2021,pfizer,147046
10/08/2021,sinovac,178932
10/08/2021,astra,52714
10/08/2021,sinopharm,0
10/08/2021,cansino,2
11/08/2021,pfizer,224458
11/08/2021,sinovac,236244
11/08/2021,astra,59373
11/08/2021,sinopharm,0
11/08/2021,cansino,5
12/08/2021,pfizer,251755
12/08/2021,sinovac,242200
12/08/2021,astra,58818
12/08/2021,sinopharm,0
12/08/2021,cansino,3
13/08/2021,pfizer,200397
13/08/2021,sinovac,247370
13/08/2021,astra,49605
13/08/2021,sinopharm,0
13/08/2021,cansino,2
14/08/2021,pfizer,185279
14/08/2021,sinovac,239949
14/08/2021,astra,46184
14/08/2021,sinopharm,0
14/08/2021,cansino,0
15/08/2021,pfizer,166052
15/08/2021,sinovac,234032
15/08/2021,astra,40203
15/08/2021,sinopharm,0
15/08/2021,cansino,1
16/08/2021,pfizer,220272
16/08/2021,sinovac,261256
16/08/2021,astra,45285
16/08/2021,sinopharm,0
16/08/2021,cansino,0
17/08/2021,pfizer,234249
17/08/2021,sinovac,272094
17/08/2021,astra,43470
17/08/2021,sinopharm,0
17/08/2021,cansino,4
18/08/2021,pfizer,220554
18/08/2021,sinovac,308937
18/08/2021,astra,43128
18/08/2021,sinopharm,0
18/08/2021,cansino,5
19/08/2021,pfizer,228606
19/08/2021,sinovac,277316
19/08/2021,astra,43675
19/08/2021,sinopharm,0
19/08/2021,cansino,4
20/08/2021,pfizer,233581
20/08/2021,sinovac,247119
20/08/2021,astra,34630
20/08/2021,sinopharm,1
20/08/2021,cansino,1
21/08/2021,pfizer,234903
21/08/2021,sinovac,237063
21/08/2021,astra,29827
21/08/2021,sinopharm,0
21/08/2021,cansino,10
22/08/2021,pfizer,230473
22/08/2021,sinovac,207641
22/08/2021,astra,27846
22/08/2021,sinopharm,0
22/08/2021,cansino,2
23/08/2021,pfizer,258580
23/08/2021,sinovac,123759
23/08/2021,astra,37191
23/08/2021,sinopharm,0
23/08/2021,cansino,0
24/08/2021,pfizer,288372
24/08/2021,sinovac,123449
24/08/2021,astra,35399
24/08/2021,sinopharm,0
24/08/2021,cansino,1
25/08/2021,pfizer,300849
25/08/2021,sinovac,118301
25/08/2021,astra,33194
25/08/2021,sinopharm,0
25/08/2021,cansino,0
26/08/2021,pfizer,281158
26/08/2021,sinovac,122151
26/08/2021,astra,34752
26/08/2021,sinopharm,0
26/08/2021,cansino,1977
27/08/2021,pfizer,230282
27/08/2021,sinovac,114370
27/08/2021,astra,32069
27/08/2021,sinopharm,0
27/08/2021,cansino,1389
28/08/2021,pfizer,212444
28/08/2021,sinovac,123515
28/08/2021,astra,31352
28/08/2021,sinopharm,0
28/08/2021,cansino,6984
29/08/2021,pfizer,187601
29/08/2021,sinovac,108871
29/08/2021,astra,28963
29/08/2021,sinopharm,0
29/08/2021,cansino,7742
30/08/2021,pfizer,253373
30/08/2021,sinovac,102939
30/08/2021,astra,31954
30/08/2021,sinopharm,0
30/08/2021,cansino,4260
31/08/2021,pfizer,174596
31/08/2021,sinovac,80944
31/08/2021,astra,29729
31/08/2021,sinopharm,0
31/08/2021,cansino,2564
01/09/2021,pfizer,264274
01/09/2021,sinovac,130239
01/09/2021,astra,33890
01/09/2021,sinopharm,0
01/09/2021,cansino,2749
02/09/2021,pfizer,247436
02/09/2021,sinovac,119166
02/09/2021,astra,34808
02/09/2021,sinopharm,0
02/09/2021,cansino,3653
03/09/2021,pfizer,188598
03/09/2021,sinovac,136773
03/09/2021,astra,28408
03/09/2021,sinopharm,0
03/09/2021,cansino,5885
04/09/2021,pfizer,161513
04/09/2021,sinovac,139525
04/09/2021,astra,28054
04/09/2021,sinopharm,0
04/09/2021,cansino,7530
05/09/2021,pfizer,158062
05/09/2021,sinovac,123749
05/09/2021,astra,27903
05/09/2021,sinopharm,0
05/09/2021,cansino,7095
06/09/2021,pfizer,165506
06/09/2021,sinovac,147674
06/09/2021,astra,27537
06/09/2021,sinopharm,0
06/09/2021,cansino,2994
07/09/2021,pfizer,163756
07/09/2021,sinovac,161736
07/09/2021,astra,24257
07/09/2021,sinopharm,0
07/09/2021,cansino,2511
08/09/2021,pfizer,149175
08/09/2021,sinovac,175678
08/09/2021,astra,25147
08/09/2021,sinopharm,0
08/09/2021,cansino,2230
09/09/2021,pfizer,160635
09/09/2021,sinovac,163208
09/09/2021,astra,25606
09/09/2021,sinopharm,0
09/09/2021,cansino,4101
10/09/2021,pfizer,166042
10/09/2021,sinovac,120144
10/09/2021,astra,25431
10/09/2021,sinopharm,0
10/09/2021,cansino,6351
11/09/2021,pfizer,152529
11/09/2021,sinovac,106262
11/09/2021,astra,20274
11/09/2021,sinopharm,0
11/09/2021,cansino,7588
12/09/2021,pfizer,144834
12/09/2021,sinovac,81055
12/09/2021,astra,19656
12/09/2021,sinopharm,0
12/09/2021,cansino,5998
13/09/2021,pfizer,158822
13/09/2021,sinovac,66713
13/09/2021,astra,22386
13/09/2021,sinopharm,0
13/09/2021,cansino,4104
14/09/2021,pfizer,168876
14/09/2021,sinovac,74044
14/09/2021,astra,19621
14/09/2021,sinopharm,0
14/09/2021,cansino,5695
15/09/2021,pfizer,176935
15/09/2021,sinovac,71270
15/09/2021,astra,22400
15/09/2021,sinopharm,0
15/09/2021,cansino,3713
16/09/2021,pfizer,138525
16/09/2021,sinovac,55807
16/09/2021,astra,23575
16/09/2021,sinopharm,0
16/09/2021,cansino,3100
17/09/2021,pfizer,174201
17/09/2021,sinovac,62884
17/09/2021,astra,23075
17/09/2021,sinopharm,0
17/09/2021,cansino,3497
18/09/2021,pfizer,172614
18/09/2021,sinovac,58763
18/09/2021,astra,19490
18/09/2021,sinopharm,32
18/09/2021,cansino,4562
19/09/2021,pfizer,168436
19/09/2021,sinovac,46879
19/09/2021,astra,20701
19/09/2021,sinopharm,28
19/09/2021,cansino,3116
20/09/2021,pfizer,241188
20/09/2021,sinovac,46424
20/09/2021,astra,22572
20/09/2021,sinopharm,104
20/09/2021,cansino,2592
21/09/2021,pfizer,223124
21/09/2021,sinovac,28107
21/09/2021,astra,21037
21/09/2021,sinopharm,127
21/09/2021,cansino,3746
22/09/2021,pfizer,272577
22/09/2021,sinovac,42257
22/09/2021,astra,21624
22/09/2021,sinopharm,130
22/09/2021,cansino,5136
23/09/2021,pfizer,290509
23/09/2021,sinovac,34139
23/09/2021,astra,21305
23/09/2021,sinopharm,200
23/09/2021,cansino,2177
24/09/2021,pfizer,236285
24/09/2021,sinovac,35007
24/09/2021,astra,19906
24/09/2021,sinopharm,137
24/09/2021,cansino,1227
25/09/2021,pfizer,225508
25/09/2021,sinovac,32166
25/09/2021,astra,18545
25/09/2021,sinopharm,67
25/09/2021,cansino,2347
26/09/2021,pfizer,227724
26/09/2021,sinovac,29878
26/09/2021,astra,24282
26/09/2021,sinopharm,49
26/09/2021,cansino,1841
27/09/2021,pfizer,285564
27/09/2021,sinovac,27876
27/09/2021,astra,23774
27/09/2021,sinopharm,95
27/09/2021,cansino,1069
28/09/2021,pfizer,290351
28/09/2021,sinovac,27599
28/09/2021,astra,24041
28/09/2021,sinopharm,57
28/09/2021,cansino,2599
29/09/2021,pfizer,305263
29/09/2021,sinovac,28968
29/09/2021,astra,20367
29/09/2021,sinopharm,120
29/09/2021,cansino,1390
30/09/2021,pfizer,287782
30/09/2021,sinovac,31157
30/09/2021,astra,21060
30/09/2021,sinopharm,143
30/09/2021,cansino,3859
01/10/2021,pfizer,189520
01/10/2021,sinovac,23084
01/10/2021,astra,35036
01/10/2021,sinopharm,139
01/10/2021,cansino,1607
02/10/2021,pfizer,166199
02/10/2021,sinovac,22843
02/10/2021,astra,33249
02/10/2021,sinopharm,116
02/10/2021,cansino,1774
03/10/2021,pfizer,167182
03/10/2021,sinovac,16879
03/10/2021,astra,33605
03/10/2021,sinopharm,133
03/10/2021,cansino,773
04/10/2021,pfizer,189415
04/10/2021,sinovac,18524
04/10/2021,astra,27429
04/10/2021,sinopharm,142
04/10/2021,cansino,1536
05/10/2021,pfizer,184788
05/10/2021,sinovac,20961
05/10/2021,astra,27078
05/10/2021,sinopharm,118
05/10/2021,cansino,2181
06/10/2021,pfizer,175750
06/10/2021,sinovac,16619
06/10/2021,astra,24819
06/10/2021,sinopharm,171
06/10/2021,cansino,2506
07/10/2021,pfizer,162962
07/10/2021,sinovac,14776
07/10/2021,astra,25440
07/10/2021,sinopharm,210
07/10/2021,cansino,2101
08/10/2021,pfizer,141275
08/10/2021,sinovac,16237
08/10/2021,astra,25352
08/10/2021,sinopharm,221
08/10/2021,cansino,1771
09/10/2021,pfizer,99756
09/10/2021,sinovac,16149
09/10/2021,astra,34425
09/10/2021,sinopharm,187
09/10/2021,cansino,1466
10/10/2021,pfizer,90632
10/10/2021,sinovac,12473
10/10/2021,astra,33323
10/10/2021,sinopharm,190
10/10/2021,cansino,837
11/10/2021,pfizer,140296
11/10/2021,sinovac,15009
11/10/2021,astra,39212
11/10/2021,sinopharm,305
11/10/2021,cansino,1861
12/10/2021,pfizer,173614
12/10/2021,sinovac,13941
12/10/2021,astra,28135
12/10/2021,sinopharm,284
12/10/2021,cansino,1812
13/10/2021,pfizer,168222
13/10/2021,sinovac,13215
13/10/2021,astra,34800
13/10/2021,sinopharm,356
13/10/2021,cansino,1516
14/10/2021,pfizer,174281
14/10/2021,sinovac,12416
14/10/2021,astra,27605
14/10/2021,sinopharm,518
14/10/2021,cansino,2115
15/10/2021,pfizer,155440
15/10/2021,sinovac,11752
15/10/2021,astra,16641
15/10/2021,sinopharm,328
15/10/2021,cansino,1904
16/10/2021,pfizer,115314
16/10/2021,sinovac,7399
16/10/2021,astra,14569
16/10/2021,sinopharm,315
16/10/2021,cansino,708
17/10/2021,pfizer,126142
17/10/2021,sinovac,6477
17/10/2021,astra,8632
17/10/2021,sinopharm,234
17/10/2021,cansino,1252
18/10/2021,pfizer,196917
18/10/2021,sinovac,8788
18/10/2021,astra,9818
18/10/2021,sinopharm,418
18/10/2021,cansino,1263
19/10/2021,pfizer,127083
19/10/2021,sinovac,4173
19/10/2021,astra,7644
19/10/2021,sinopharm,228
19/10/2021,cansino,988
20/10/2021,pfizer,250165
20/10/2021,sinovac,7167
20/10/2021,astra,10170
20/10/2021,sinopharm,423
20/10/2021,cansino,1302
21/10/2021,pfizer,225356
21/10/2021,sinovac,8405
21/10/2021,astra,11921
21/10/2021,sinopharm,458
21/10/2021,cansino,1645
22/10/2021,pfizer,150637
22/10/2021,sinovac,6962
22/10/2021,astra,7036
22/10/2021,sinopharm,413
22/10/2021,cansino,2052
23/10/2021,pfizer,107859
23/10/2021,sinovac,5699
23/10/2021,astra,6773
23/10/2021,sinopharm,286
23/10/2021,cansino,592
24/10/2021,pfizer,119755
24/10/2021,sinovac,4776
24/10/2021,astra,6590
24/10/2021,sinopharm,257
24/10/2021,cansino,900
25/10/2021,pfizer,178899
25/10/2021,sinovac,6499
25/10/2021,astra,6118
25/10/2021,sinopharm,405
25/10/2021,cansino,1339
26/10/2021,pfizer,175067
26/10/2021,sinovac,8376
26/10/2021,astra,4915
26/10/2021,sinopharm,387
26/10/2021,cansino,1132
27/10/2021,pfizer,162856
27/10/2021,sinovac,7938
27/10/2021,astra,3920
27/10/2021,sinopharm,563
27/10/2021,cansino,1323
28/10/2021,pfizer,181697
28/10/2021,sinovac,7858
28/10/2021,astra,3135
28/10/2021,sinopharm,497
28/10/2021,cansino,1316
29/10/2021,pfizer,136677
29/10/2021,sinovac,6394
29/10/2021,astra,1931
29/10/2021,sinopharm,494
29/10/2021,cansino,711
30/10/2021,pfizer,70097
30/10/2021,sinovac,5116
30/10/2021,astra,4246
30/10/2021,sinopharm,393
30/10/2021,cansino,555
31/10/2021,pfizer,58139
31/10/2021,sinovac,3846
31/10/2021,astra,5002
31/10/2021,sinopharm,296
31/10/2021,cansino,406
01/11/2021,pfizer,103178
01/11/2021,sinovac,5264
01/11/2021,astra,3587
01/11/2021,sinopharm,517
01/11/2021,cansino,547
02/11/2021,pfizer,118531
02/11/2021,sinovac,5155
02/11/2021,astra,2022
02/11/2021,sinopharm,501
02/11/2021,cansino,785
03/11/2021,pfizer,112439
03/11/2021,sinovac,4978
03/11/2021,astra,1265
03/11/2021,sinopharm,591
03/11/2021,cansino,475
04/11/2021,pfizer,39370
04/11/2021,sinovac,2749
04/11/2021,astra,1570
04/11/2021,sinopharm,397
04/11/2021,cansino,242
05/11/2021,pfizer,78392
05/11/2021,sinovac,5113
05/11/2021,astra,2407
05/11/2021,sinopharm,449
05/11/2021,cansino,175
06/11/2021,pfizer,37885
06/11/2021,sinovac,3914
06/11/2021,astra,2606
06/11/2021,sinopharm,387
06/11/2021,cansino,229
07/11/2021,pfizer,36508
07/11/2021,sinovac,3190
07/11/2021,astra,1242
07/11/2021,sinopharm,227
07/11/2021,cansino,202
08/11/2021,pfizer,106169
08/11/2021,sinovac,5143
08/11/2021,astra,1063
08/11/2021,sinopharm,477
08/11/2021,cansino,308
09/11/2021,pfizer,113794
09/11/2021,sinovac,4377
09/11/2021,astra,750
09/11/2021,sinopharm,492
09/11/2021,cansino,446
10/11/2021,pfizer,129594
10/11/2021,sinovac,4912
10/11/2021,astra,859
10/11/2021,sinopharm,501
10/11/2021,cansino,429
11/11/2021,pfizer,141038
11/11/2021,sinovac,5510
11/11/2021,astra,1848
11/11/2021,sinopharm,544
11/11/2021,cansino,627
12/11/2021,pfizer,111542
12/11/2021,sinovac,5163
12/11/2021,astra,1599
12/11/2021,sinopharm,730
12/11/2021,cansino,305
13/11/2021,pfizer,54184
13/11/2021,sinovac,3950
13/11/2021,astra,789
13/11/2021,sinopharm,404
13/11/2021,cansino,392
14/11/2021,pfizer,42668
14/11/2021,sinovac,3149
14/11/2021,astra,266
14/11/2021,sinopharm,306
14/11/2021,cansino,420
15/11/2021,pfizer,99643
15/11/2021,sinovac,5019
15/11/2021,astra,1060
15/11/2021,sinopharm,405
15/11/2021,cansino,522
16/11/2021,pfizer,117771
16/11/2021,sinovac,5051
16/11/2021,astra,1738
16/11/2021,sinopharm,451
16/11/2021,cansino,502
17/11/2021,pfizer,116120
17/11/2021,sinovac,5014
17/11/2021,astra,832
17/11/2021,sinopharm,657
17/11/2021,cansino,253
18/11/2021,pfizer,121979
18/11/2021,sinovac,5339
18/11/2021,astra,539
18/11/2021,sinopharm,489
18/11/2021,cansino,373
19/11/2021,pfizer,102530
19/11/2021,sinovac,5485
19/11/2021,astra,304
19/11/2021,sinopharm,520
19/11/2021,cansino,485
20/11/2021,pfizer,42976
20/11/2021,sinovac,4359
20/11/2021,astra,672
20/11/2021,sinopharm,331
20/11/2021,cansino,175
21/11/2021,pfizer,35057
21/11/2021,sinovac,3460
21/11/2021,astra,421
21/11/2021,sinopharm,280
21/11/2021,cansino,54
22/11/2021,pfizer,106537
22/11/2021,sinovac,5534
22/11/2021,astra,584
22/11/2021,sinopharm,556
22/11/2021,cansino,28
23/11/2021,pfizer,133774
23/11/2021,sinovac,5657
23/11/2021,astra,381
23/11/2021,sinopharm,448
23/11/2021,cansino,59
24/11/2021,pfizer,135374
24/11/2021,sinovac,7121
24/11/2021,astra,390
24/11/2021,sinopharm,567
24/11/2021,cansino,54
25/11/2021,pfizer,135702
25/11/2021,sinovac,6556
25/11/2021,astra,1288
25/11/2021,sinopharm,455
25/11/2021,cansino,113
26/11/2021,pfizer,108080
26/11/2021,sinovac,7757
26/11/2021,astra,595
26/11/2021,sinopharm,448
26/11/2021,cansino,46
27/11/2021,pfizer,47883
27/11/2021,sinovac,8427
27/11/2021,astra,258
27/11/2021,sinopharm,373
27/11/2021,cansino,20
28/11/2021,pfizer,38307
28/11/2021,sinovac,4851
28/11/2021,astra,228
28/11/2021,sinopharm,310
28/11/2021,cansino,229
29/11/2021,pfizer,102494
29/11/2021,sinovac,8826
29/11/2021,astra,718
29/11/2021,sinopharm,396
29/11/2021,cansino,147
30/11/2021,pfizer,128519
30/11/2021,sinovac,9663
30/11/2021,astra,462
30/11/2021,sinopharm,427
30/11/2021,cansino,571
01/12/2021,pfizer,130812
01/12/2021,sinovac,14646
01/12/2021,astra,655
01/12/2021,sinopharm,402
01/12/2021,cansino,839
02/12/2021,pfizer,136490
02/12/2021,sinovac,17607
02/12/2021,astra,504
02/12/2021,sinopharm,445
02/12/2021,cansino,246
03/12/2021,pfizer,109900
03/12/2021,sinovac,18872
03/12/2021,astra,296
03/12/2021,sinopharm,656
03/12/2021,cansino,184
04/12/2021,pfizer,54433
04/12/2021,sinovac,16060
04/12/2021,astra,959
04/12/2021,sinopharm,413
04/12/2021,cansino,443
05/12/2021,pfizer,45376
05/12/2021,sinovac,10587
05/12/2021,astra,810
05/12/2021,sinopharm,319
05/12/2021,cansino,422
06/12/2021,pfizer,79961
06/12/2021,sinovac,20879
06/12/2021,astra,888
06/12/2021,sinopharm,486
06/12/2021,cansino,563
07/12/2021,pfizer,104068
07/12/2021,sinovac,24239
07/12/2021,astra,983
07/12/2021,sinopharm,416
07/12/2021,cansino,356
08/12/2021,pfizer,103273
08/12/2021,sinovac,25437
08/12/2021,astra,1370
08/12/2021,sinopharm,530
08/12/2021,cansino,308
09/12/2021,pfizer,116143
09/12/2021,sinovac,28372
09/12/2021,astra,1168
09/12/2021,sinopharm,446
09/12/2021,cansino,470
10/12/2021,pfizer,100935
10/12/2021,sinovac,25252
10/12/2021,astra,1660
10/12/2021,sinopharm,383
10/12/2021,cansino,335
11/12/2021,pfizer,54318
11/12/2021,sinovac,18820
11/12/2021,astra,581
11/12/2021,sinopharm,206
11/12/2021,cansino,110
12/12/2021,pfizer,53468
12/12/2021,sinovac,15295
12/12/2021,astra,698
12/12/2021,sinopharm,171
12/12/2021,cansino,152
13/12/2021,pfizer,109493
13/12/2021,sinovac,22312
13/12/2021,astra,1717
13/12/2021,sinopharm,333
13/12/2021,cansino,210
14/12/2021,pfizer,140506
14/12/2021,sinovac,23758
14/12/2021,astra,1893
14/12/2021,sinopharm,272
14/12/2021,cansino,279
15/12/2021,pfizer,147293
15/12/2021,sinovac,25315
15/12/2021,astra,1544
15/12/2021,sinopharm,295
15/12/2021,cansino,377
16/12/2021,pfizer,152017
16/12/2021,sinovac,23038
16/12/2021,astra,1874
16/12/2021,sinopharm,371
16/12/2021,cansino,260
17/12/2021,pfizer,139600
17/12/2021,sinovac,23804
17/12/2021,astra,1571
17/12/2021,sinopharm,329
17/12/2021,cansino,202
18/12/2021,pfizer,58210
18/12/2021,sinovac,13758
18/12/2021,astra,1415
18/12/2021,sinopharm,178
18/12/2021,cansino,205
19/12/2021,pfizer,65801
19/12/2021,sinovac,12567
19/12/2021,astra,2587
19/12/2021,sinopharm,90
19/12/2021,cansino,296
20/12/2021,pfizer,125444
20/12/2021,sinovac,22666
20/12/2021,astra,1719
20/12/2021,sinopharm,250
20/12/2021,cansino,216
21/12/2021,pfizer,149219
21/12/2021,sinovac,20737
21/12/2021,astra,2179
21/12/2021,sinopharm,205
21/12/2021,cansino,176
22/12/2021,pfizer,156142
22/12/2021,sinovac,22028
22/12/2021,astra,3295
22/12/2021,sinopharm,220
22/12/2021,cansino,283
23/12/2021,pfizer,158260
23/12/2021,sinovac,20421
23/12/2021,astra,3482
23/12/2021,sinopharm,228
23/12/2021,cansino,191
24/12/2021,pfizer,124175
24/12/2021,sinovac,17765
24/12/2021,astra,2617
24/12/2021,sinopharm,180
24/12/2021,cansino,105
25/12/2021,pfizer,21643
25/12/2021,sinovac,3366
25/12/2021,astra,1162
25/12/2021,sinopharm,115
25/12/2021,cansino,93
26/12/2021,pfizer,54793
26/12/2021,sinovac,8783
26/12/2021,astra,2198
26/12/2021,sinopharm,111
26/12/2021,cansino,59
27/12/2021,pfizer,110958
27/12/2021,sinovac,18819
27/12/2021,astra,3114
27/12/2021,sinopharm,233
27/12/2021,cansino,197
28/12/2021,pfizer,127464
28/12/2021,sinovac,20378
28/12/2021,astra,9657
28/12/2021,sinopharm,227
28/12/2021,cansino,204
29/12/2021,pfizer,155916
29/12/2021,sinovac,19850
29/12/2021,astra,14343
29/12/2021,sinopharm,186
29/12/2021,cansino,222
30/12/2021,pfizer,172852
30/12/2021,sinovac,19924
30/12/2021,astra,17911
30/12/2021,sinopharm,200
30/12/2021,cansino,171
31/12/2021,pfizer,152162
31/12/2021,sinovac,16664
31/12/2021,astra,16958
31/12/2021,sinopharm,159
31/12/2021,cansino,285
01/01/2022,pfizer,28345
01/01/2022,sinovac,2966
01/01/2022,astra,10981
01/01/2022,sinopharm,83
01/01/2022,cansino,68
02/01/2022,pfizer,75701
02/01/2022,sinovac,8341
02/01/2022,astra,12741
02/01/2022,sinopharm,59
02/01/2022,cansino,120
03/01/2022,pfizer,180363
03/01/2022,sinovac,12904
03/01/2022,astra,20821
03/01/2022,sinopharm,163
03/01/2022,cansino,166
04/01/2022,pfizer,213306
04/01/2022,sinovac,12622
04/01/2022,astra,20432
04/01/2022,sinopharm,136
04/01/2022,cansino,272
05/01/2022,pfizer,212579
05/01/2022,sinovac,12995
05/01/2022,astra,24770
05/01/2022,sinopharm,163
05/01/2022,cansino,270
06/01/2022,pfizer,217543
06/01/2022,sinovac,12757
06/01/2022,astra,27490
06/01/2022,sinopharm,232
06/01/2022,cansino,255
07/01/2022,pfizer,180009
07/01/2022,sinovac,13443
07/01/2022,astra,28224
07/01/2022,sinopharm,204
07/01/2022,cansino,190
08/01/2022,pfizer,94240
08/01/2022,sinovac,9961
08/01/2022,astra,23754
08/01/2022,sinopharm,147
08/01/2022,cansino,106
09/01/2022,pfizer,81063
09/01/2022,sinovac,7819
09/01/2022,astra,23724
09/01/2022,sinopharm,77
09/01/2022,cansino,254
10/01/2022,pfizer,169795
10/01/2022,sinovac,13946
10/01/2022,astra,43906
10/01/2022,sinopharm,171
10/01/2022,cansino,220
11/01/2022,pfizer,199226
11/01/2022,sinovac,12390
11/01/2022,astra,46660
11/01/2022,sinopharm,143
11/01/2022,cansino,80
12/01/2022,pfizer,199871
12/01/2022,sinovac,13171
12/01/2022,astra,47720
12/01/2022,sinopharm,136
12/01/2022,cansino,190
13/01/2022,pfizer,210716
13/01/2022,sinovac,12636
13/01/2022,astra,48750
13/01/2022,sinopharm,128
13/01/2022,cansino,116
14/01/2022,pfizer,176366
14/01/2022,sinovac,13176
14/01/2022,astra,50364
14/01/2022,sinopharm,91
14/01/2022,cansino,91
15/01/2022,pfizer,103501
15/01/2022,sinovac,8529
15/01/2022,astra,58166
15/01/2022,sinopharm,45
15/01/2022,cansino,224
16/01/2022,pfizer,84481
16/01/2022,sinovac,7187
16/01/2022,astra,58234
16/01/2022,sinopharm,55
16/01/2022,cansino,46
17/01/2022,pfizer,171953
17/01/2022,sinovac,11198
17/01/2022,astra,64715
17/01/2022,sinopharm,117
17/01/2022,cansino,151
18/01/2022,pfizer,91069
18/01/2022,sinovac,6788
18/01/2022,astra,35540
18/01/2022,sinopharm,81
18/01/2022,cansino,55
19/01/2022,pfizer,197927
19/01/2022,sinovac,11130
19/01/2022,astra,63859
19/01/2022,sinopharm,110
19/01/2022,cansino,402
20/01/2022,pfizer,187644
20/01/2022,sinovac,9102
20/01/2022,astra,56336
20/01/2022,sinopharm,76
20/01/2022,cansino,146
21/01/2022,pfizer,147092
21/01/2022,sinovac,6909
21/01/2022,astra,47789
21/01/2022,sinopharm,33
21/01/2022,cansino,84
22/01/2022,pfizer,105217
22/01/2022,sinovac,6541
22/01/2022,astra,48994
22/01/2022,sinopharm,74
22/01/2022,cansino,61
23/01/2022,pfizer,83333
23/01/2022,sinovac,4913
23/01/2022,astra,45984
23/01/2022,sinopharm,22
23/01/2022,cansino,97
24/01/2022,pfizer,156858
24/01/2022,sinovac,9194
24/01/2022,astra,41778
24/01/2022,sinopharm,75
24/01/2022,cansino,234
25/01/2022,pfizer,164798
25/01/2022,sinovac,8821
25/01/2022,astra,44982
25/01/2022,sinopharm,63
25/01/2022,cansino,78
26/01/2022,pfizer,159425
26/01/2022,sinovac,8934
26/01/2022,astra,44716
26/01/2022,sinopharm,72
26/01/2022,cansino,126
27/01/2022,pfizer,156306
27/01/2022,sinovac,8071
27/01/2022,astra,45138
27/01/2022,sinopharm,54
27/01/2022,cansino,177
28/01/2022,pfizer,132116
28/01/2022,sinovac,8931
28/01/2022,astra,41900
28/01/2022,sinopharm,69
28/01/2022,cansino,153
29/01/2022,pfizer,67336
29/01/2022,sinovac,5311
29/01/2022,astra,27732
29/01/2022,sinopharm,71
29/01/2022,cansino,49
30/01/2022,pfizer,54352
30/01/2022,sinovac,3860
30/01/2022,astra,24759
30/01/2022,sinopharm,20
30/01/2022,cansino,56
31/01/2022,pfizer,74357
31/01/2022,sinovac,6573
31/01/2022,astra,17943
31/01/2022,sinopharm,46
31/01/2022,cansino,53
01/02/2022,pfizer,21201
01/02/2022,sinovac,933
01/02/2022,astra,7190
01/02/2022,sinopharm,26
01/02/2022,cansino,33
02/02/2022,pfizer,22038
02/02/2022,sinovac,1687
02/02/2022,astra,6867
02/02/2022,sinopharm,31
02/02/2022,cansino,80
03/02/2022,pfizer,79449
03/02/2022,sinovac,7888
03/02/2022,astra,16373
03/02/2022,sinopharm,45
03/02/2022,cansino,112
04/02/2022,pfizer,72797
04/02/2022,sinovac,7627
04/02/2022,astra,12331
04/02/2022,sinopharm,30
04/02/2022,cansino,40
05/02/2022,pfizer,62258
05/02/2022,sinovac,4791
05/02/2022,astra,8311
05/02/2022,sinopharm,28
05/02/2022,cansino,88
06/02/2022,pfizer,58918
06/02/2022,sinovac,3722
06/02/2022,astra,8314
06/02/2022,sinopharm,27
06/02/2022,cansino,59
07/02/2022,pfizer,101621
07/02/2022,sinovac,7470
07/02/2022,astra,14521
07/02/2022,sinopharm,51
07/02/2022,cansino,100
08/02/2022,pfizer,129373
08/02/2022,sinovac,11450
08/02/2022,astra,17130
08/02/2022,sinopharm,44
08/02/2022,cansino,90
09/02/2022,pfizer,140964
09/02/2022,sinovac,15003
09/02/2022,astra,14851
09/02/2022,sinopharm,59
09/02/2022,cansino,186
10/02/2022,pfizer,149216
10/02/2022,sinovac,15756
10/02/2022,astra,13498
10/02/2022,sinopharm,59
10/02/2022,cansino,146
11/02/2022,pfizer,139104
11/02/2022,sinovac,14240
11/02/2022,astra,11235
11/02/2022,sinopharm,47
11/02/2022,cansino,132
12/02/2022,pfizer,129502
12/02/2022,sinovac,9731
12/02/2022,astra,8458
12/02/2022,sinopharm,43
12/02/2022,cansino,107
13/02/2022,pfizer,105715
13/02/2022,sinovac,7318
13/02/2022,astra,8323
13/02/2022,sinopharm,17
13/02/2022,cansino,102
14/02/2022,pfizer,133408
14/02/2022,sinovac,12852
14/02/2022,astra,7177
14/02/2022,sinopharm,63
14/02/2022,cansino,206
15/02/2022,pfizer,138462
15/02/2022,sinovac,12454
15/02/2022,astra,7340
15/02/2022,sinopharm,61
15/02/2022,cansino,244
16/02/2022,pfizer,146558
16/02/2022,sinovac,13706
16/02/2022,astra,7784
16/02/2022,sinopharm,33
16/02/2022,cansino,332
17/02/2022,pfizer,155827
17/02/2022,sinovac,13599
17/02/2022,astra,8111
17/02/2022,sinopharm,27
17/02/2022,cansino,79
18/02/2022,pfizer,140672
18/02/2022,sinovac,13706
18/02/2022,astra,8519
18/02/2022,sinopharm,57
18/02/2022,cansino,166
19/02/2022,pfizer,138412
19/02/2022,sinovac,9837
19/02/2022,astra,6318
19/02/2022,sinopharm,46
19/02/2022,cansino,72
20/02/2022,pfizer,116346
20/02/2022,sinovac,7614
20/02/2022,astra,6840
20/02/2022,sinopharm,14
20/02/2022,cansino,76
21/02/2022,pfizer,123841
21/02/2022,sinovac,10824
21/02/2022,astra,6534
21/02/2022,sinopharm,23
21/02/2022,cansino,68
22/02/2022,pfizer,134002
22/02/2022,sinovac,11162
22/02/2022,astra,7146
22/02/2022,sinopharm,27
22/02/2022,cansino,59
23/02/2022,pfizer,130475
23/02/2022,sinovac,10601
23/02/2022,astra,6457
23/02/2022,sinopharm,28
23/02/2022,cansino,48
24/02/2022,pfizer,125682
24/02/2022,sinovac,9904
24/02/2022,astra,5190
24/02/2022,sinopharm,51
24/02/2022,cansino,96
25/02/2022,pfizer,120181
25/02/2022,sinovac,10342
25/02/2022,astra,5301
25/02/2022,sinopharm,23
25/02/2022,cansino,64
26/02/2022,pfizer,109835
26/02/2022,sinovac,7080
26/02/2022,astra,4900
26/02/2022,sinopharm,33
26/02/2022,cansino,201
27/02/2022,pfizer,92580
27/02/2022,sinovac,6463
27/02/2022,astra,4519
27/02/2022,sinopharm,43
27/02/2022,cansino,203
28/02/2022,pfizer,106376
28/02/2022,sinovac,8769
28/02/2022,astra,4467
28/02/2022,sinopharm,42
28/02/2022,cansino,80
01/03/2022,pfizer,94813
01/03/2022,sinovac,6001
01/03/2022,astra,3827
01/03/2022,sinopharm,47
01/03/2022,cansino,33
02/03/2022,pfizer,91715
02/03/2022,sinovac,5108
02/03/2022,astra,4072
02/03/2022,sinopharm,27
02/03/2022,cansino,54
03/03/2022,pfizer,90479
03/03/2022,sinovac,4999
03/03/2022,astra,3886
03/03/2022,sinopharm,31
03/03/2022,cansino,49
04/03/2022,pfizer,75299
04/03/2022,sinovac,5357
04/03/2022,astra,3492
04/03/2022,sinopharm,74
04/03/2022,cansino,74
05/03/2022,pfizer,64827
05/03/2022,sinovac,3267
05/03/2022,astra,2249
05/03/2022,sinopharm,262
05/03/2022,cansino,158
06/03/2022,pfizer,53396
06/03/2022,sinovac,2813
06/03/2022,astra,2188
06/03/2022,sinopharm,272
06/03/2022,cansino,150
07/03/2022,pfizer,57125
07/03/2022,sinovac,5892
07/03/2022,astra,2555
07/03/2022,sinopharm,320
07/03/2022,cansino,68
08/03/2022,pfizer,62018
08/03/2022,sinovac,6239
08/03/2022,astra,2194
08/03/2022,sinopharm,366
08/03/2022,cansino,208
09/03/2022,pfizer,56212
09/03/2022,sinovac,5527
09/03/2022,astra,2525
09/03/2022,sinopharm,309
09/03/2022,cansino,62
10/03/2022,pfizer,58161
10/03/2022,sinovac,5535
10/03/2022,astra,2529
10/03/2022,sinopharm,221
10/03/2022,cansino,93
11/03/2022,pfizer,52153
11/03/2022,sinovac,5096
11/03/2022,astra,2288
11/03/2022,sinopharm,321
11/03/2022,cansino,110
12/03/2022,pfizer,41772
12/03/2022,sinovac,5192
12/03/2022,astra,1540
12/03/2022,sinopharm,158
12/03/2022,cansino,111
13/03/2022,pfizer,39950
13/03/2022,sinovac,4390
13/03/2022,astra,1506
13/03/2022,sinopharm,252
13/03/2022,cansino,127
14/03/2022,pfizer,46562
14/03/2022,sinovac,4503
14/03/2022,astra,2244
14/03/2022,sinopharm,201
14/03/2022,cansino,187
15/03/2022,pfizer,51884
15/03/2022,sinovac,5085
15/03/2022,astra,1854
15/03/2022,sinopharm,201
15/03/2022,cansino,92
16/03/2022,pfizer,44913
16/03/2022,sinovac,3230
16/03/2022,astra,1126
16/03/2022,sinopharm,229
16/03/2022,cansino,432
17/03/2022,pfizer,43310
17/03/2022,sinovac,2956
17/03/2022,astra,1233
17/03/2022,sinopharm,150
17/03/2022,cansino,327
18/03/2022,pfizer,38499
18/03/2022,sinovac,3002
18/03/2022,astra,708
18/03/2022,sinopharm,137
18/03/2022,cansino,114
19/03/2022,pfizer,31879
19/03/2022,sinovac,2646
19/03/2022,astra,1242
19/03/2022,sinopharm,229
19/03/2022,cansino,197
20/03/2022,pfizer,25349
20/03/2022,sinovac,1733
20/03/2022,astra,1490
20/03/2022,sinopharm,197
20/03/2022,cansino,231
21/03/2022,pfizer,25212
21/03/2022,sinovac,2765
21/03/2022,astra,1368
21/03/2022,sinopharm,168
21/03/2022,cansino,67
22/03/2022,pfizer,26799
22/03/2022,sinovac,2414
22/03/2022,astra,1025
22/03/2022,sinopharm,163
22/03/2022,cansino,54
23/03/2022,pfizer,25546
23/03/2022,sinovac,2293
23/03/2022,astra,992
23/03/2022,sinopharm,110
23/03/2022,cansino,181
24/03/2022,pfizer,26539
24/03/2022,sinovac,2151
24/03/2022,astra,1153
24/03/2022,sinopharm,163
24/03/2022,cansino,192
25/03/2022,pfizer,30177
25/03/2022,sinovac,3052
25/03/2022,astra,921
25/03/2022,sinopharm,106
25/03/2022,cansino,101
26/03/2022,pfizer,27885
26/03/2022,sinovac,3014
26/03/2022,astra,1614
26/03/2022,sinopharm,206
26/03/2022,cansino,43
27/03/2022,pfizer,20464
27/03/2022,sinovac,2474
27/03/2022,astra,1810
27/03/2022,sinopharm,207
27/03/2022,cansino,52
28/03/2022,pfizer,35897
28/03/2022,sinovac,5080
28/03/2022,astra,2460
28/03/2022,sinopharm,147
28/03/2022,cansino,159
29/03/2022,pfizer,41489
29/03/2022,sinovac,5806
29/03/2022,astra,2543
29/03/2022,sinopharm,224
29/03/2022,cansino,176
30/03/2022,pfizer,44246
30/03/2022,sinovac,6407
30/03/2022,astra,3295
30/03/2022,sinopharm,154
30/03/2022,cansino,172
31/03/2022,pfizer,50088
31/03/2022,sinovac,6575
31/03/2022,astra,3050
31/03/2022,sinopharm,118
31/03/2022,cansino,68
01/04/2022,pfizer,32162
01/04/2022,sinovac,2976
01/04/2022,astra,1350
01/04/2022,sinopharm,74
01/04/2022,cansino,199
02/04/2022,pfizer,24584
02/04/2022,sinovac,2255
02/04/2022,astra,739
02/04/2022,sinopharm,28
02/04/2022,cansino,38
03/04/2022,pfizer,16266
03/04/2022,sinovac,1119
03/04/2022,astra,620
03/04/2022,sinopharm,16
03/04/2022,cansino,23
04/04/2022,pfizer,20761
04/04/2022,sinovac,2616
04/04/2022,astra,684
04/04/2022,sinopharm,18
04/04/2022,cansino,5
05/04/2022,pfizer,21480
05/04/2022,sinovac,3033
05/04/2022,astra,548
05/04/2022,sinopharm,10
05/04/2022,cansino,32
06/04/2022,pfizer,24412
06/04/2022,sinovac,2655
06/04/2022,astra,522
06/04/2022,sinopharm,16
06/04/2022,cansino,342
07/04/2022,pfizer,28315
07/04/2022,sinovac,2883
07/04/2022,astra,616
07/04/2022,sinopharm,10
07/04/2022,cansino,15
08/04/2022,pfizer,33607
08/04/2022,sinovac,3551
08/04/2022,astra,570
08/04/2022,sinopharm,19
08/04/2022,cansino,73
09/04/2022,pfizer,39907
09/04/2022,sinovac,3929
09/04/2022,astra,1065
09/04/2022,sinopharm,13
09/04/2022,cansino,23
10/04/2022,pfizer,37635
10/04/2022,sinovac,2896
10/04/2022,astra,616
10/04/2022,sinopharm,6
10/04/2022,cansino,9
11/04/2022,pfizer,46051
11/04/2022,sinovac,2461
11/04/2022,astra,702
11/04/2022,sinopharm,16
11/04/2022,cansino,10
12/04/2022,pfizer,46038
12/04/2022,sinovac,2256
12/04/2022,astra,417
12/04/2022,sinopharm,10
12/04/2022,cansino,41
13/04/2022,pfizer,48525
13/04/2022,sinovac,1670
13/04/2022,astra,496
13/04/2022,sinopharm,7
13/04/2022,cansino,50
14/04/2022,pfizer,59462
14/04/2022,sinovac,1900
14/04/2022,astra,731
14/04/2022,sinopharm,17
14/04/2022,cansino,27
15/04/2022,pfizer,57342
15/04/2022,sinovac,2257
15/04/2022,astra,385
15/04/2022,sinopharm,7
15/04/2022,cansino,20
16/04/2022,pfizer,81346
16/04/2022,sinovac,2617
16/04/2022,astra,351
16/04/2022,sinopharm,4
16/04/2022,cansino,24
17/04/2022,pfizer,61013
17/04/2022,sinovac,2044
17/04/2022,astra,390
17/04/2022,sinopharm,3
17/04/2022,cansino,109
18/04/2022,pfizer,57498
18/04/2022,sinovac,1523
18/04/2022,astra,549
18/04/2022,sinopharm,12
18/04/2022,cansino,29
19/04/2022,pfizer,49198
19/04/2022,sinovac,1234
19/04/2022,astra,375
19/04/2022,sinopharm,5
19/04/2022,cansino,20
20/04/2022,pfizer,64063
20/04/2022,sinovac,954
20/04/2022,astra,303
20/04/2022,sinopharm,7
20/04/2022,cansino,41
21/04/2022,pfizer,64803
21/04/2022,sinovac,981
21/04/2022,astra,349
21/04/2022,sinopharm,4
21/04/2022,cansino,57
22/04/2022,pfizer,67792
22/04/2022,sinovac,1581
22/04/2022,astra,308
22/04/2022,sinopharm,6
22/04/2022,cansino,23
23/04/2022,pfizer,78463
23/04/2022,sinovac,1701
23/04/2022,astra,233
23/04/2022,sinopharm,14
23/04/2022,cansino,23
24/04/2022,pfizer,55435
24/04/2022,sinovac,1122
24/04/2022,astra,306
24/04/2022,sinopharm,0
24/04/2022,cansino,14
25/04/2022,pfizer,41161
25/04/2022,sinovac,915
25/04/2022,astra,217
25/04/2022,sinopharm,4
25/04/2022,cansino,40
26/04/2022,pfizer,36289
26/04/2022,sinovac,885
26/04/2022,astra,364
26/04/2022,sinopharm,4
26/04/2022,cansino,142
27/04/2022,pfizer,37290
27/04/2022,sinovac,844
27/04/2022,astra,283
27/04/2022,sinopharm,2
27/04/2022,cansino,45
28/04/2022,pfizer,34807
28/04/2022,sinovac,776
28/04/2022,astra,249
28/04/2022,sinopharm,4
28/04/2022,cansino,11
29/04/2022,pfizer,41143
29/04/2022,sinovac,1384
29/04/2022,astra,142
29/04/2022,sinopharm,1
29/04/2022,cansino,6
30/04/2022,pfizer,37144
30/04/2022,sinovac,1183
30/04/2022,astra,95
30/04/2022,sinopharm,2
30/04/2022,cansino,3
01/05/2022,pfizer,13200
01/05/2022,sinovac,335
01/05/2022,astra,40
01/05/2022,sinopharm,3
01/05/2022,cansino,5
02/05/2022,pfizer,3043
02/05/2022,sinovac,121
02/05/2022,astra,0
02/05/2022,sinopharm,0
02/05/2022,cansino,0
03/05/2022,pfizer,2169
03/05/2022,sinovac,87
03/05/2022,astra,7
03/05/2022,sinopharm,2
03/05/2022,cansino,0
04/05/2022,pfizer,2906
04/05/2022,sinovac,185
04/05/2022,astra,109
04/05/2022,sinopharm,0
04/05/2022,cansino,1
05/05/2022,pfizer,12944
05/05/2022,sinovac,733
05/05/2022,astra,86
05/05/2022,sinopharm,3
05/05/2022,cansino,6
06/05/2022,pfizer,21251
06/05/2022,sinovac,820
06/05/2022,astra,39
06/05/2022,sinopharm,4
06/05/2022,cansino,4
07/05/2022,pfizer,25060
07/05/2022,sinovac,814
07/05/2022,astra,84
07/05/2022,sinopharm,2
07/05/2022,cansino,5
08/05/2022,pfizer,30130
08/05/2022,sinovac,755
08/05/2022,astra,105
08/05/2022,sinopharm,0
08/05/2022,cansino,6
09/05/2022,pfizer,31085
09/05/2022,sinovac,804
09/05/2022,astra,153
09/05/2022,sinopharm,7
09/05/2022,cansino,11
10/05/2022,pfizer,32680
10/05/2022,sinovac,817
10/05/2022,astra,249
10/05/2022,sinopharm,1
10/05/2022,cansino,9
11/05/2022,pfizer,35041
11/05/2022,sinovac,742
11/05/2022,astra,254
11/05/2022,sinopharm,4
11/05/2022,cansino,11
12/05/2022,pfizer,42635
12/05/2022,sinovac,965
12/05/2022,astra,485
12/05/2022,sinopharm,5
12/05/2022,cansino,23
13/05/2022,pfizer,56126
13/05/2022,sinovac,1325
13/05/2022,astra,154
13/05/2022,sinopharm,1
13/05/2022,cansino,8
14/05/2022,pfizer,47776
14/05/2022,sinovac,1287
14/05/2022,astra,167
14/05/2022,sinopharm,6
14/05/2022,cansino,0
15/05/2022,pfizer,25656
15/05/2022,sinovac,753
15/05/2022,astra,110
15/05/2022,sinopharm,0
15/05/2022,cansino,56
16/05/2022,pfizer,10990
16/05/2022,sinovac,875
16/05/2022,astra,147
16/05/2022,sinopharm,3
16/05/2022,cansino,17
17/05/2022,pfizer,17726
17/05/2022,sinovac,630
17/05/2022,astra,137
17/05/2022,sinopharm,0
17/05/2022,cansino,208
18/05/2022,pfizer,15096
18/05/2022,sinovac,491
18/05/2022,astra,127
18/05/2022,sinopharm,1
18/05/2022,cansino,36
19/05/2022,pfizer,18210
19/05/2022,sinovac,592
19/05/2022,astra,302
19/05/2022,sinopharm,5
19/05/2022,cansino,41
20/05/2022,pfizer,25005
20/05/2022,sinovac,769
20/05/2022,astra,65
20/05/2022,sinopharm,3
20/05/2022,cansino,10
21/05/2022,pfizer,23981
21/05/2022,sinovac,1536
21/05/2022,astra,98
21/05/2022,sinopharm,4
21/05/2022,cansino,3
22/05/2022,pfizer,16514
22/05/2022,sinovac,813
22/05/2022,astra,155
22/05/2022,sinopharm,1
22/05/2022,cansino,6
23/05/2022,pfizer,11686
23/05/2022,sinovac,426
23/05/2022,astra,103
23/05/2022,sinopharm,2
23/05/2022,cansino,109
24/05/2022,pfizer,13058
24/05/2022,sinovac,503
24/05/2022,astra,171
24/05/2022,sinopharm,3
24/05/2022,cansino,87
25/05/2022,pfizer,12784
25/05/2022,sinovac,413
25/05/2022,astra,98
25/05/2022,sinopharm,1
25/05/2022,cansino,229
26/05/2022,pfizer,17209
26/05/2022,sinovac,490
26/05/2022,astra,135
26/05/2022,sinopharm,3
26/05/2022,cansino,28
27/05/2022,pfizer,22970
27/05/2022,sinovac,731
27/05/2022,astra,126
27/05/2022,sinopharm,3
27/05/2022,cansino,19
28/05/2022,pfizer,20891
28/05/2022,sinovac,736
28/05/2022,astra,72
28/05/2022,sinopharm,2
28/05/2022,cansino,5
29/05/2022,pfizer,15256
29/05/2022,sinovac,382
29/05/2022,astra,271
29/05/2022,sinopharm,0
29/05/2022,cansino,14
30/05/2022,pfizer,13716
30/05/2022,sinovac,439
30/05/2022,astra,90
30/05/2022,sinopharm,0
30/05/2022,cansino,91
31/05/2022,pfizer,16149
31/05/2022,sinovac,457
31/05/2022,astra,106
31/05/2022,sinopharm,1
31/05/2022,cansino,30
01/06/2022,pfizer,6056
01/06/2022,sinovac,255
01/06/2022,astra,50
01/06/2022,sinopharm,0
01/06/2022,cansino,41
02/06/2022,pfizer,7493
02/06/2022,sinovac,299
02/06/2022,astra,43
02/06/2022,sinopharm,0
02/06/2022,cansino,7
03/06/2022,pfizer,10745
03/06/2022,sinovac,406
03/06/2022,astra,37
03/06/2022,sinopharm,0
03/06/2022,cansino,58
04/06/2022,pfizer,8963
04/06/2022,sinovac,391
04/06/2022,astra,40
04/06/2022,sinopharm,9
04/06/2022,cansino,0
05/06/2022,pfizer,5531
05/06/2022,sinovac,271
05/06/2022,astra,32
05/06/2022,sinopharm,0
05/06/2022,cansino,5
06/06/2022,pfizer,2484
06/06/2022,sinovac,183
06/06/2022,astra,12
06/06/2022,sinopharm,2
06/06/2022,cansino,3
07/06/2022,pfizer,6668
07/06/2022,sinovac,566
07/06/2022,astra,17
07/06/2022,sinopharm,1
07/06/2022,cansino,95
08/06/2022,pfizer,6816
08/06/2022,sinovac,366
08/06/2022,astra,30
08/06/2022,sinopharm,2
08/06/2022,cansino,10
09/06/2022,pfizer,9342
09/06/2022,sinovac,454
09/06/2022,astra,40
09/06/2022,sinopharm,2
09/06/2022,cansino,93
10/06/2022,pfizer,12877
10/06/2022,sinovac,586
10/06/2022,astra,38
10/06/2022,sinopharm,1
10/06/2022,cansino,20
11/06/2022,pfizer,12021
11/06/2022,sinovac,1179
11/06/2022,astra,38
11/06/2022,sinopharm,3
11/06/2022,cansino,6
12/06/2022,pfizer,8449
12/06/2022,sinovac,348
12/06/2022,astra,54
12/06/2022,sinopharm,0
12/06/2022,cansino,0
13/06/2022,pfizer,7870
13/06/2022,sinovac,333
13/06/2022,astra,19
13/06/2022,sinopharm,4
13/06/2022,cansino,5
14/06/2022,pfizer,8005
14/06/2022,sinovac,313
14/06/2022,astra,43
14/06/2022,sinopharm,1
14/06/2022,cansino,34
15/06/2022,pfizer,9695
15/06/2022,sinovac,265
15/06/2022,astra,46
15/06/2022,sinopharm,3
15/06/2022,cansino,6
16/06/2022,pfizer,12606
16/06/2022,sinovac,296
16/06/2022,astra,39
16/06/2022,sinopharm,1
16/06/2022,cansino,69
17/06/2022,pfizer,17814
17/06/2022,sinovac,368
17/06/2022,astra,18
17/06/2022,sinopharm,3
17/06/2022,cansino,17
18/06/2022,pfizer,16537
18/06/2022,sinovac,356
18/06/2022,astra,51
18/06/2022,sinopharm,1
18/06/2022,cansino,5
19/06/2022,pfizer,10803
19/06/2022,sinovac,209
19/06/2022,astra,29
19/06/2022,sinopharm,0
19/06/2022,cansino,1
20/06/2022,pfizer,7767
20/06/2022,sinovac,241
20/06/2022,astra,23
20/06/2022,sinopharm,4
20/06/2022,cansino,3
21/06/2022,pfizer,7903
21/06/2022,sinovac,257
21/06/2022,astra,36
21/06/2022,sinopharm,3
21/06/2022,cansino,21
22/06/2022,pfizer,10257
22/06/2022,sinovac,298
22/06/2022,astra,36
22/06/2022,sinopharm,6
22/06/2022,cansino,102
23/06/2022,pfizer,13710
23/06/2022,sinovac,301
23/06/2022,astra,62
23/06/2022,sinopharm,0
23/06/2022,cansino,2
24/06/2022,pfizer,19670
24/06/2022,sinovac,515
24/06/2022,astra,79
24/06/2022,sinopharm,2
24/06/2022,cansino,28
25/06/2022,pfizer,13204
25/06/2022,sinovac,378
25/06/2022,astra,52
25/06/2022,sinopharm,2
25/06/2022,cansino,1
26/06/2022,pfizer,7748
26/06/2022,sinovac,230
26/06/2022,astra,26
26/06/2022,sinopharm,1
26/06/2022,cansino,1
27/06/2022,pfizer,5682
27/06/2022,sinovac,332
27/06/2022,astra,76
27/06/2022,sinopharm,5
27/06/2022,cansino,0
28/06/2022,pfizer,5541
28/06/2022,sinovac,320
28/06/2022,astra,113
28/06/2022,sinopharm,2
28/06/2022,cansino,2
29/06/2022,pfizer,5482
29/06/2022,sinovac,242
29/06/2022,astra,73
29/06/2022,sinopharm,0
29/06/2022,cansino,7
30/06/2022,pfizer,7976
30/06/2022,sinovac,303
30/06/2022,astra,88
30/06/2022,sinopharm,4
30/06/2022,cansino,175
01/07/2022,pfizer,9655
01/07/2022,sinovac,293
01/07/2022,astra,69
01/07/2022,sinopharm,1
01/07/2022,cansino,1
02/07/2022,pfizer,8710
02/07/2022,sinovac,283
02/07/2022,astra,60
02/07/2022,sinopharm,6
02/07/2022,cansino,0
03/07/2022,pfizer,7681
03/07/2022,sinovac,163
03/07/2022,astra,103
03/07/2022,sinopharm,0
03/07/2022,cansino,48
04/07/2022,pfizer,6868
04/07/2022,sinovac,238
04/07/2022,astra,97
04/07/2022,sinopharm,2
04/07/2022,cansino,133
05/07/2022,pfizer,8604
05/07/2022,sinovac,222
05/07/2022,astra,88
05/07/2022,sinopharm,5
05/07/2022,cansino,93
06/07/2022,pfizer,10388
06/07/2022,sinovac,216
06/07/2022,astra,96
06/07/2022,sinopharm,0
06/07/2022,cansino,90
07/07/2022,pfizer,16007
07/07/2022,sinovac,255
07/07/2022,astra,153
07/07/2022,sinopharm,2
07/07/2022,cansino,3
08/07/2022,pfizer,19334
08/07/2022,sinovac,306
08/07/2022,astra,110
08/07/2022,sinopharm,0
08/07/2022,cansino,1
09/07/2022,pfizer,12295
09/07/2022,sinovac,395
09/07/2022,astra,124
09/07/2022,sinopharm,4
09/07/2022,cansino,0
10/07/2022,pfizer,5445
10/07/2022,sinovac,131
10/07/2022,astra,76
10/07/2022,sinopharm,0
10/07/2022,cansino,0
11/07/2022,pfizer,4989
11/07/2022,sinovac,177
11/07/2022,astra,107
11/07/2022,sinopharm,0
11/07/2022,cansino,0
12/07/2022,pfizer,10237
12/07/2022,sinovac,428
12/07/2022,astra,211
12/07/2022,sinopharm,2
12/07/2022,cansino,3
13/07/2022,pfizer,12449
13/07/2022,sinovac,617
13/07/2022,astra,237
13/07/2022,sinopharm,9
13/07/2022,cansino,11
14/07/2022,pfizer,15992
14/07/2022,sinovac,550
14/07/2022,astra,308
14/07/2022,sinopharm,1
14/07/2022,cansino,101
15/07/2022,pfizer,21649
15/07/2022,sinovac,762
15/07/2022,astra,281
15/07/2022,sinopharm,2
15/07/2022,cansino,5
16/07/2022,pfizer,18629
16/07/2022,sinovac,585
16/07/2022,astra,464
16/07/2022,sinopharm,1
16/07/2022,cansino,27
17/07/2022,pfizer,12529
17/07/2022,sinovac,284
17/07/2022,astra,339
17/07/2022,sinopharm,0
17/07/2022,cansino,0
18/07/2022,pfizer,12017
18/07/2022,sinovac,509
18/07/2022,astra,288
18/07/2022,sinopharm,2
18/07/2022,cansino,19
19/07/2022,pfizer,13227
19/07/2022,sinovac,490
19/07/2022,astra,248
19/07/2022,sinopharm,0
19/07/2022,cansino,3
20/07/2022,pfizer,14662
20/07/2022,sinovac,597
20/07/2022,astra,311
20/07/2022,sinopharm,0
20/07/2022,cansino,224
21/07/2022,pfizer,19257
21/07/2022,sinovac,583
21/07/2022,astra,321
21/07/2022,sinopharm,1
21/07/2022,cansino,4
22/07/2022,pfizer,21896
22/07/2022,sinovac,483
22/07/2022,astra,356
22/07/2022,sinopharm,1
22/07/2022,cansino,0
23/07/2022,pfizer,17825
23/07/2022,sinovac,433
23/07/2022,astra,359
23/07/2022,sinopharm,3
23/07/2022,cansino,12
24/07/2022,pfizer,12519
24/07/2022,sinovac,239
24/07/2022,astra,241
24/07/2022,sinopharm,3
24/07/2022,cansino,32
25/07/2022,pfizer,14273
25/07/2022,sinovac,496
25/07/2022,astra,310
25/07/2022,sinopharm,8
25/07/2022,cansino,22
26/07/2022,pfizer,16128
26/07/2022,sinovac,413
26/07/2022,astra,249
26/07/2022,sinopharm,8
26/07/2022,cansino,42
27/07/2022,pfizer,13359
27/07/2022,sinovac,367
27/07/2022,astra,281
27/07/2022,sinopharm,2
27/07/2022,cansino,218
28/07/2022,pfizer,16283
28/07/2022,sinovac,412
28/07/2022,astra,338
28/07/2022,sinopharm,6
28/07/2022,cansino,4
29/07/2022,pfizer,19211
29/07/2022,sinovac,396
29/07/2022,astra,252
29/07/2022,sinopharm,5
29/07/2022,cansino,6
30/07/2022,pfizer,10535
30/07/2022,sinovac,317
30/07/2022,astra,205
30/07/2022,sinopharm,2
30/07/2022,cansino,0
31/07/2022,pfizer,8589
31/07/2022,sinovac,216
31/07/2022,astra,231
31/07/2022,sinopharm,0
31/07/2022,cansino,35
01/08/2022,pfizer,8187
01/08/2022,sinovac,269
01/08/2022,astra,1
01/08/2022,sinopharm,5
01/08/2022,cansino,1
02/08/2022,pfizer,8739
02/08/2022,sinovac,265
02/08/2022,astra,2
02/08/2022,sinopharm,5
02/08/2022,cansino,81
03/08/2022,pfizer,8921
03/08/2022,sinovac,255
03/08/2022,astra,10
03/08/2022,sinopharm,3
03/08/2022,cansino,49
04/08/2022,pfizer,10432
04/08/2022,sinovac,507
04/08/2022,astra,19
04/08/2022,sinopharm,4
04/08/2022,cansino,18
05/08/2022,pfizer,11616
05/08/2022,sinovac,258
05/08/2022,astra,0
05/08/2022,sinopharm,4
05/08/2022,cansino,23
06/08/2022,pfizer,8192
06/08/2022,sinovac,295
06/08/2022,astra,0
06/08/2022,sinopharm,3
06/08/2022,cansino,0
07/08/2022,pfizer,4524
07/08/2022,sinovac,130
07/08/2022,astra,9
07/08/2022,sinopharm,4
07/08/2022,cansino,0
08/08/2022,pfizer,6144
08/08/2022,sinovac,207
08/08/2022,astra,2
08/08/2022,sinopharm,5
08/08/2022,cansino,1
09/08/2022,pfizer,6793
09/08/2022,sinovac,209
09/08/2022,astra,1
09/08/2022,sinopharm,3
09/08/2022,cansino,47
10/08/2022,pfizer,6654
10/08/2022,sinovac,180
10/08/2022,astra,0
10/08/2022,sinopharm,4
10/08/2022,cansino,341
11/08/2022,pfizer,7845
11/08/2022,sinovac,200
11/08/2022,astra,0
11/08/2022,sinopharm,7
11/08/2022,cansino,187
12/08/2022,pfizer,9491
12/08/2022,sinovac,188
12/08/2022,astra,0
12/08/2022,sinopharm,5
12/08/2022,cansino,4
13/08/2022,pfizer,6790
13/08/2022,sinovac,177
13/08/2022,astra,1
13/08/2022,sinopharm,2
13/08/2022,cansino,149
14/08/2022,pfizer,4200
14/08/2022,sinovac,100
14/08/2022,astra,0
14/08/2022,sinopharm,2
14/08/2022,cansino,0
15/08/2022,pfizer,4396
15/08/2022,sinovac,150
15/08/2022,astra,0
15/08/2022,sinopharm,3
15/08/2022,cansino,0
16/08/2022,pfizer,4944
16/08/2022,sinovac,146
16/08/2022,astra,1
16/08/2022,sinopharm,2
16/08/2022,cansino,0
17/08/2022,pfizer,5769
17/08/2022,sinovac,188
17/08/2022,astra,0
17/08/2022,sinopharm,4
17/08/2022,cansino,0
18/08/2022,pfizer,7416
18/08/2022,sinovac,165
18/08/2022,astra,0
18/08/2022,sinopharm,3
18/08/2022,cansino,0
19/08/2022,pfizer,8980
19/08/2022,sinovac,147
19/08/2022,astra,1
19/08/2022,sinopharm,5
19/08/2022,cansino,0
20/08/2022,pfizer,5131
20/08/2022,sinovac,180
20/08/2022,astra,0
20/08/2022,sinopharm,3
20/08/2022,cansino,0
21/08/2022,pfizer,3312
21/08/2022,sinovac,81
21/08/2022,astra,0
21/08/2022,sinopharm,0
21/08/2022,cansino,0
22/08/2022,pfizer,3871
22/08/2022,sinovac,136
22/08/2022,astra,0
22/08/2022,sinopharm,4
22/08/2022,cansino,1
23/08/2022,pfizer,4087
23/08/2022,sinovac,126
23/08/2022,astra,0
23/08/2022,sinopharm,9
23/08/2022,cansino,0
24/08/2022,pfizer,4553
24/08/2022,sinovac,87
24/08/2022,astra,0
24/08/2022,sinopharm,0
24/08/2022,cansino,0
25/08/2022,pfizer,5176
25/08/2022,sinovac,112
25/08/2022,astra,0
25/08/2022,sinopharm,2
25/08/2022,cansino,0
26/08/2022,pfizer,6153
26/08/2022,sinovac,136
26/08/2022,astra,0
26/08/2022,sinopharm,2
26/08/2022,cansino,0
27/08/2022,pfizer,4289
27/08/2022,sinovac,155
27/08/2022,astra,0
27/08/2022,sinopharm,1
27/08/2022,cansino,0
28/08/2022,pfizer,2264
28/08/2022,sinovac,112
28/08/2022,astra,0
28/08/2022,sinopharm,0
28/08/2022,cansino,0
29/08/2022,pfizer,3221
29/08/2022,sinovac,98
29/08/2022,astra,0
29/08/2022,sinopharm,7
29/08/2022,cansino,0
30/08/2022,pfizer,3822
30/08/2022,sinovac,97
30/08/2022,astra,0
30/08/2022,sinopharm,1
30/08/2022,cansino,0
31/08/2022,pfizer,1378
31/08/2022,sinovac,48
31/08/2022,astra,0
31/08/2022,sinopharm,0
31/08/2022,cansino,1
01/09/2022,pfizer,3684
01/09/2022,sinovac,131
01/09/2022,astra,0
01/09/2022,sinopharm,4
01/09/2022,cansino,1
02/09/2022,pfizer,4929
02/09/2022,sinovac,126
02/09/2022,astra,0
02/09/2022,sinopharm,2
02/09/2022,cansino,0
03/09/2022,pfizer,2568
03/09/2022,sinovac,152
03/09/2022,astra,0
03/09/2022,sinopharm,1
03/09/2022,cansino,0
04/09/2022,pfizer,1429
04/09/2022,sinovac,67
04/09/2022,astra,0
04/09/2022,sinopharm,0
04/09/2022,cansino,0
05/09/2022,pfizer,2199
05/09/2022,sinovac,113
05/09/2022,astra,0
05/09/2022,sinopharm,4
05/09/2022,cansino,0
06/09/2022,pfizer,2598
06/09/2022,sinovac,106
06/09/2022,astra,0
06/09/2022,sinopharm,2
06/09/2022,cansino,0
07/09/2022,pfizer,3038
07/09/2022,sinovac,111
07/09/2022,astra,0
07/09/2022,sinopharm,3
07/09/2022,cansino,0
08/09/2022,pfizer,4453
08/09/2022,sinovac,99
08/09/2022,astra,0
08/09/2022,sinopharm,2
08/09/2022,cansino,0
09/09/2022,pfizer,4014
09/09/2022,sinovac,123
09/09/2022,astra,0
09/09/2022,sinopharm,8
09/09/2022,cansino,0
10/09/2022,pfizer,2346
10/09/2022,sinovac,97
10/09/2022,astra,0
10/09/2022,sinopharm,0
10/09/2022,cansino,0
11/09/2022,pfizer,1293
11/09/2022,sinovac,66
11/09/2022,astra,0
11/09/2022,sinopharm,2
11/09/2022,cansino,0
12/09/2022,pfizer,1674
12/09/2022,sinovac,106
12/09/2022,astra,0
12/09/2022,sinopharm,4
12/09/2022,cansino,0
13/09/2022,pfizer,2415
13/09/2022,sinovac,93
13/09/2022,astra,0
13/09/2022,sinopharm,4
13/09/2022,cansino,1
14/09/2022,pfizer,2446
14/09/2022,sinovac,94
14/09/2022,astra,1
14/09/2022,sinopharm,0
14/09/2022,cansino,0
15/09/2022,pfizer,3784
15/09/2022,sinovac,116
15/09/2022,astra,0
15/09/2022,sinopharm,4
15/09/2022,cansino,0
16/09/2022,pfizer,1297
16/09/2022,sinovac,56
16/09/2022,astra,0
16/09/2022,sinopharm,0
16/09/2022,cansino,0
17/09/2022,pfizer,1725
17/09/2022,sinovac,76
17/09/2022,astra,0
17/09/2022,sinopharm,0
17/09/2022,cansino,0
18/09/2022,pfizer,892
18/09/2022,sinovac,62
18/09/2022,astra,0
18/09/2022,sinopharm,1
18/09/2022,cansino,0
19/09/2022,pfizer,1477
19/09/2022,sinovac,90
19/09/2022,astra,1
19/09/2022,sinopharm,0
19/09/2022,cansino,0
20/09/2022,pfizer,2273
20/09/2022,sinovac,80
20/09/2022,astra,0
20/09/2022,sinopharm,5
20/09/2022,cansino,0
21/09/2022,pfizer,1935
21/09/2022,sinovac,83
21/09/2022,astra,0
21/09/2022,sinopharm,3
21/09/2022,cansino,0
22/09/2022,pfizer,2982
22/09/2022,sinovac,145
22/09/2022,astra,0
22/09/2022,sinopharm,0
22/09/2022,cansino,0
23/09/2022,pfizer,3804
23/09/2022,sinovac,88
23/09/2022,astra,0
23/09/2022,sinopharm,1
23/09/2022,cansino,0
24/09/2022,pfizer,2200
24/09/2022,sinovac,94
24/09/2022,astra,0
24/09/2022,sinopharm,7
24/09/2022,cansino,0
25/09/2022,pfizer,1128
25/09/2022,sinovac,47
25/09/2022,astra,0
25/09/2022,sinopharm,5
25/09/2022,cansino,0
26/09/2022,pfizer,1301
26/09/2022,sinovac,86
26/09/2022,astra,0
26/09/2022,sinopharm,0
26/09/2022,cansino,0
